id;code_cec;libelle_cec;arrondissement;departement;region
1;CEAL53;ABAM;DZENG;NYONG ET SO'O;CENTRE
2;CE4935;ABANG;MFOU;MEFOU ET AFAMBA;CENTRE
3;CE2602;ABANG I;DZENG;NYONG ET SO'O;CENTRE
4;CE6112;ABANGA;NKOLAFAMBA;MEFOU ET AFAMBA;CENTRE
5;CE5602;ABANG-BETSENGA;NGOMEDZAP;NYONG ET SO'O;CENTRE
6;NW4202;ABAR;FONGUM;MENCUM;NORTH-WEST
7;ENAL01;ABASSOUNIT;HILE ALIFA;DIAMARE;EXTREME-NORD
8;SW1702;ABAT;EYUMUDJOCK;MANYU;SUD-OUEST
9;NW1102;ABEBUNG;NGIE;MOMO;NORTH-WEST
10;NW4102;ABEGUM;WIDIKUM-MENKA;MOMO;NORTH-WEST
11;CE1302;ABEM;AKONOLINGA;NYONG ET MFOUMOU;CENTRE
12;CE4902;ABEMBE I;MFOU;MEFOU ET AFAMBA;CENTRE
13;CE7102;ABOM;SOA;MEFOU ET AFAMBA;CENTRE
14;CE7602;ABOM BABA;YAOUNDE V;MFOUNDI;CENTRE
15;CE7103;ABONDO;SOA;MEFOU ET AFAMBA;CENTRE
16;CE6602;ABONO;OBALA;LEKIE;CENTRE
17;EN3502;ABOUDANGALA;MAKARY;DIAMARE;EXTREME-NORD
18;EN3503;ABOUKOUSS KAWALME;MAKARY;DIAMARE;EXTREME-NORD
19;ES1802;ABOUMADJALI;DIANG;LOM ET DJEREM;EST
20;NW2402;ABUH;FUNDONG;BOYO;NORTH-WEST
21;NW2302;ABUTT;BUM;BOYO;NORTH-WEST
22;NW2809;ACHA TUGI;MBENGWI;MOMO;NORTH-WEST
23;EN3102;ADJAINE;KOUSSERI;DIAMARE;EXTREME-NORD
24;ES3302;ADJALA;MOULOUNDO;BOUMBA ET NGOKO;EST
25;NW2403;ADUK;FUNDONG;BOYO;NORTH-WEST
26;CE5603;ADZAP;NGOMEDZAP;NYONG ET SO'O;CENTRE
27;EN3504;AFADE;MAKARY;DIAMARE;EXTREME-NORD
28;CE7402;AFANOYOA I;YAOUNDE III;MFOUNDI;CENTRE
29;CE7412;AFANOYOA III;YAOUNDE III;MFOUNDI;CENTRE
30;CE7403;AFANOYOA IV;YAOUNDE III;MFOUNDI;CENTRE
31;SW1703;AFAP;EYUMUDJOCK;MANYU;SUD-OUEST
32;SW1704;AGBORKEM;EYUMUDJOCK;MANYU;SUD-OUEST
33;NW1302;AGYATI-BAFUT;BAFUT;MEZAM;NORTH-WEST
34;CEAL34;AHALA II;YAOUNDE III;MFOUNDI;CENTRE
35;CE7404;AHALA I;YAOUNDE III;MFOUNDI;CENTRE
36;EN4320;AISSA HARDE;MORA;MAYO-SAVA;EXTREME-NORD
37;SW1705;AJAYUKNDIP;EYUMUDJOCK;MANYU;SUD-OUEST
38;NW2404;AJUNG;FUNDONG;BOYO;NORTH-WEST
39;CE2902;AKAK;ELIG-MFOMO;LEKIE;CENTRE
40;CE7104;AKAK II;SOA;MEFOU ET AFAMBA;CENTRE
41;NW2303;AKEH;BUM;BOYO;NORTH-WEST
42;CE1303;AKEKAS;AKONOLINGA;NYONG ET MFOUMOU;CENTRE
43;NW1001;AKO COUNCIL;AKO;DONGA-MANTUNG;NORTH-WEST
44;CE1102;AKOEMAN;AKOEMAN;NYONG ET SO'O;CENTRE
45;CE3802;AKOK;LOBO;LEKIE;CENTRE
46;ES1203;AKOK-MAKA;ATOK;HAUT-NYONG;EST
47;CE4602;AKOLO;MENGANG;NYONG ET MFOUMOU;CENTRE
48;CE4203;AKOM NYADA;MBALMAYO;NYONG ET SO'O;CENTRE
49;CE4204;AKOMETAM;MBALMAYO;NYONG ET SO'O;CENTRE
50;CE6802;AKOMKADA;ASSAMBA;MEFOU ET AFAMBA;CENTRE
51;CE5604;AKONGO III;NGOMEDZAP;NYONG ET SO'O;CENTRE
52;CE4925;AKOUMBOU;MFOU;MEFOU ET AFAMBA;CENTRE
53;NW4002;AKU FUN GABAH;TUBAH;MEZAM;NORTH-WEST
54;NW2502;AKUM;FRU-AWA;MENCUM;NORTH-WEST
55;NW3902;AKUM;SANTA;MEZAM;NORTH-WEST
56;LT1502;AKWA;DOUALA I;WOURI;LITTORAL
57;SW1706;AKWA;EYUMUDJOCK;MANYU;SUD-OUEST
58;SW2002;AKWA;ISANGELE;NDIAN;SUD-OUEST
59;LT1503;AKWA NORD;DOUALA I;WOURI;LITTORAL
60;NW1002;AKWAJA;AKO;DONGA-MANTUNG;NORTH-WEST
61;SW1001;AKWAYA COUNCIL;AKWAYA;MANYU;SUD-OUEST
62;NW1003;AKWESSE;AKO;DONGA-MANTUNG;NORTH-WEST
63;NW3002;AKWETO;MISAJE;DONGA-MANTUNG;NORTH-WEST
64;ES2602;ALAT-MAKAYE;LOMIE;HAUT-NYONG;EST
65;AD1102;ALLAT;BANYO;MAYO-BANYO;ADAMAOUA
66;AD2902;ALLAT-MENGACK;TIBATI;DJEREM;ADAMAOUA
67;AD1810;ALME;MAYO-BALEO;FARO ET DEO;ADAMAOUA
68;SW1101;ALOU COUNCIL;ALOU;LEBIALEM;SUD-OUEST
69;NW1902;AMBO;BATIBO;MOMO;NORTH-WEST
70;EN3103;AMCHEDIRE;KOUSSERI;DIAMARE;EXTREME-NORD
71;EN3505;AMCHILGA;MAKARY;DIAMARE;EXTREME-NORD
72;EN2002;AMDANE;GOULFEY;DIAMARE;EXTREME-NORD
73;EN2003;AMFARA;GOULFEY;DIAMARE;EXTREME-NORD
74;ESAL30;AMINEMEKOUND;NGUELEMENDOUGA;HAUT-NYONG;EST
75;EN3506;AMSABANG;MAKARY;DIAMARE;EXTREME-NORD
76;NW1101;ANDEK COUNCIL;NGIE;MOMO;NORTH-WEST
77;ES1803;ANDOM;DIANG;LOM ET DJEREM;EST
78;CE1304;ANDOM YEMBAMA;AKONOLINGA;NYONG ET MFOUMOU;CENTRE
79;CE7117;ANDON;SOA;MEFOU ET AFAMBA;CENTRE
80;CEAL31;ANGON I;MBANKOMO;MEFOU ET AKONO;CENTRE
81;CE4533;ANGON II;MBANKOMO;MEFOU ET AKONO;CENTRE
82;CE4503;ANGONGA;MBANKOMO;MEFOU ET AKONO;CENTRE
83;ESALF2;ANGOSSAS VILLE;ANGOSSAS;HAUT-NYONG;EST
84;NW2002;ANYAJUA;BELO;BOYO;NORTH-WEST
85;SW1103;ANYA-LEWOH;ALOU;LEBIALEM;SUD-OUEST
86;CEAL21;ANYOUGOM I;NKOLAFAMBA;MEFOU ET AFAMBA;CENTRE
87;OU3402;APOUH;FONGO TONGO;MENOUA;OUEST
88;LT2207;APPOUH;EDEA I;SANAGA-MARITIME;LITTORAL
89;NW1903;ASHONG;BATIBO;MOMO;NORTH-WEST
90;CE2102;ASSALA I;BOKITO;MBAM ET INOUBOU;CENTRE
91;SW1002;ASSAM;AKWAYA;MANYU;SUD-OUEST
92;CE5605;ASSIE;NGOMEDZAP;NYONG ET SO'O;CENTRE
93;EN4602;ASSIGHASSIA;MAYO MOSKOTA;MAYO-TSANAGA;EXTREME-NORD
94;CE2603;ASSOK;DZENG;NYONG ET SO'O;CENTRE
95;CE1336;ASSOM III;AKONOLINGA;NYONG ET MFOUMOU;CENTRE
96;OU4819;ASSONG FONDONERA;SANTCHOU;MENOUA;OUEST
97;CE2604;ATEGA;DZENG;NYONG ET SO'O;CENTRE
98;CE1305;ATHE;AKONOLINGA;NYONG ET MFOUMOU;CENTRE
99;ES2802;ATSIEK;MBANG;KADEY;EST
100;AD1002;ATTA;BANKIM;MAYO-BANYO;ADAMAOUA
101;CE6302;AVANGANE;NKOTENG;HAUTE SANAGA;CENTRE
102;CE6202;AWAE;NKOLMETET;NYONG ET SO'O;CENTRE
103;CE4903;AWAE IV;MFOU;MEFOU ET AFAMBA;CENTRE
104;CEAL19;AWAE IV;AWAE;MEFOU ET AFAMBA;CENTRE
105;NW3903;AWING;SANTA;MEZAM;NORTH-WEST
106;CE2605;AYANT;DZENG;NYONG ET SO'O;CENTRE
107;SW1707;AYUKABA;EYUMUDJOCK;MANYU;SUD-OUEST
108;ESAL63;AZOUMEKOUT;NGUELEMENDOUGA;HAUT-NYONG;EST
109;NW1202;BABA1;BABESSI;NGOKETUNJIA;NORTH-WEST
110;NW3904;BABA2;SANTA;MEZAM;NORTH-WEST
111;OU1002;BABADJOU CHEFFERIE;BABADJOU;BAMBOUTOS;OUEST
112;OU4402;BABATE KING PLACE;MBOUDA;BAMBOUTOS;OUEST
113;NW1201;BABESSI COUNCIL;BABESSI;NGOKETUNJIA;NORTH-WEST
114;OU4403;BABETE IATET;MBOUDA;BAMBOUTOS;OUEST
115;OU49;BABITCHOUA;TONGA;MIFI;OUEST
116;OU2402;BABOATE;BANKA;HAUT NKAM;OUEST
117;OU1102;BABONE;BAFANG;HAUT NKAM;OUEST
118;SW1708;BABONG;EYUMUDJOCK;MANYU;SUD-OUEST
119;OU1902;BABOUANTOU CHEFFERIE;BANDJA;HAUT NKAM;OUEST
120;OU1702;BABOUM;BAMENDJOU;HAUTS PLATEAUX;OUEST
121;OU1103;BABOUTCHA – NINTCHEU;BAFANG;HAUT NKAM;OUEST
122;OU1602;BABOUTCHA-FONGANG;BAKOU;HAUT NKAM;OUEST
123;OU1104;BABOUTCHEU - NGALEU;BAFANG;HAUT NKAM;OUEST
124;SW3502;BABUBOCK;NGUTI;KUPE / MUANENGUBA;SUD-OUEST
125;NW1203;BABUNGO;BABESSI;NGOKETUNJIA;NORTH-WEST
126;LT1602;BABYLONE;DOUALA II;WOURI;LITTORAL
127;SW3702;BACHUO-AKAGBE;UPPER BANYANG;MANYU;SUD-OUEST
128;ES2302;BADAN;GAROUA-BOULAI;LOM ET DJEREM;EST
129;OU2702;BADENGANG;BATCHAM;BAMBOUTOS;OUEST
130;OUAL99;BADENKOP CHEFFERIE;BANGOU;HAUTS PLATEAUX;OUEST
131;OU2112;BADIANGSEU;BANGANGTE;MIFI;OUEST
132;OU4702;BADJAHANG;PENKA-MICHEL;MENOUA;OUEST
133;CE4802;BADJOP;MESSONDO;NYONG ET KELLE;CENTRE
134;LT2503;BADJOUNGUE;MANJO;MOUNGO;LITTORAL
135;OUAL98;BADJUPA;BAMENDJOU;HAUTS PLATEAUX;OUEST
136;AD2102;BADOGODO;MEIGANGA;MBERE;ADAMAOUA
137;OUALF4;BADOUMKA;BANKA;HAUT NKAM;OUEST
138;OU1802;BADOUMKASSA;BANA;HAUT NKAM;OUEST
139;OU1803;BADOUMLA;BANA;HAUT NKAM;OUEST
140;OU4902;BADOUNGA;TONGA;MIFI;OUEST
141;OU4631;BADZIFENG;NKONG-NI;MENOUA;OUEST
142;OU4404;BAFACDJUI;MBOUDA;BAMBOUTOS;OUEST
143;OUAL97;BAFAMGOUM;BANGOU;HAUTS PLATEAUX;OUEST
144;OU1105;BAFANG - VILLAGE;BAFANG;HAUT NKAM;OUEST
145;NW1502;BAFANJI;BALIKUMBAT;NGOKETUNJIA;NORTH-WEST
146;SW3402;BAFIA TOWN;MUYUKA;FAKO;SUD-OUEST
147;OU4604;BAFOU DOUMBOUO;NKONG-NI;MENOUA;OUEST
148;OUAL03;BAFOU KING-PLACE;NKONG-NI;MENOUA;OUEST
149;OU4606;BAFOU PASTORAL;NKONG-NI;MENOUA;OUEST
150;OUAL04;BAFOU-BASSESSA;NKONG-NI;MENOUA;OUEST
151;AD2306;BAFOUCK;NGAOUI;MBERE;ADAMAOUA
152;OU4605;BAFOU-LATSUET;NKONG-NI;MENOUA;OUEST
153;OU4405;BAFOUNDA KING PLACE;MBOUDA;BAMBOUTOS;OUEST
154;OU1203;BAFOUSSAM CHEFFERIE;BAFOUSSAM I;MIFI;OUEST
155;NW1301;BAFUT COUNCIL;BAFUT;MEZAM;NORTH-WEST
156;EN1102;BAGALAF;BOGO;DIAMARE;EXTREME-NORD
157;OU3702;BAGAM CHEFFERIE;GALIM;BAMBOUTOS;OUEST
158;AD1302;BAGODO;DIR;MBERE;ADAMAOUA
159;OUAL96;BAHIALA;BANGOU;HAUTS PLATEAUX;OUEST
160;OUAL95;BAHIALA CHEFFERIE;BAHAM;HAUTS PLATEAUX;OUEST
161;OU1703;BAHOUANG KP;BAMENDJOU;HAUTS PLATEAUX;OUEST
162;OU2103;BAHOUOC;BANGANGTE;MIFI;OUEST
163;OU3602;BAIGOM;FOUMBOT;NOUN;OUEST
164;SW3102;BAIKUKE;MBONGE;MEME;SUD-OUEST
165;OUAL01;BAKANGOU;BANGOU;HAUTS PLATEAUX;OUEST
166;AD1202;BAKARI BATA;BELEL;VINA;ADAMAOUA
167;OU1804;BAKASSA;BANA;HAUT NKAM;OUEST
168;LT1002;BAKEM;BARE;MOUNGO;LITTORAL
169;OU4706;BAKENG;PENKA-MICHEL;MENOUA;OUEST
170;CE2103;BAKOA;BOKITO;MBAM ET INOUBOU;CENTRE
171;OUAL16;BAKONG;BAZOU;MIFI;OUEST
172;LT3102;BAKOUA;NDOBIAN;NKAM;LITTORAL
173;OU4406;BAKOUOTIO-KOPTESE;MBOUDA;BAMBOUTOS;OUEST
174;LT2107;BAKWAT;EBONE;MOUNGO;LITTORAL
175;OU1607;BALACK IOUM II;BAKOU;HAUT NKAM;OUEST
176;OU1904;BALAFI;BANDJA;HAUT NKAM;OUEST
177;OUALF3;BALAKO-NDOUNGOM;BANDJA;HAUT NKAM;OUEST
178;OU4420;BALALOUM;MBOUDA;BAMBOUTOS;OUEST
179;CE2104;BALAMBA I;BOKITO;MBAM ET INOUBOU;CENTRE
180;CE2105;BALAMBA II;BOKITO;MBAM ET INOUBOU;CENTRE
181;OUAL94;BALAMBO;BANGOU;HAUTS PLATEAUX;OUEST
182;OUALF1;BALATCHI;MBOUDA;BAMBOUTOS;OUEST
183;OU4407;BALATCHI BAMAKA;MBOUDA;BAMBOUTOS;OUEST
184;OU4408;BALATCHI KING PLACE;MBOUDA;BAMBOUTOS;OUEST
185;OUALF7;BALATSIT I;BAMENDJOU;HAUTS PLATEAUX;OUEST
186;OUAL93;BALATSIT II;BAMENDJOU;HAUTS PLATEAUX;OUEST
187;EN3802;BALAZA-ALKALI;MAROUA III;DIAMARE;EXTREME-NORD
188;EN3803;BALAZA-LAWANE;MAROUA III;DIAMARE;EXTREME-NORD
189;EN1103;BALDA;BOGO;DIAMARE;EXTREME-NORD
190;EN4302;BALDAMA;MORA;MAYO-SAVA;EXTREME-NORD
191;OU4802;BALE;SANTCHOU;MENOUA;OUEST
192;OU4704;BALEFOCK;PENKA-MICHEL;MENOUA;OUEST
193;OU2703;BALEGHANG BATCHAM;BATCHAM;BAMBOUTOS;OUEST
194;OU3218;BALEGHO;DSCHANG;MENOUA;OUEST
195;OU4621;BALEKOUET;NKONG-NI;MENOUA;OUEST
196;OU3802;BALEMBO;KEKEM;HAUT NKAM;OUEST
197;OU1108;BALEN;BAFANG;HAUT NKAM;OUEST
198;OU2704;BALENA;BATCHAM;BAMBOUTOS;OUEST
199;OU3003;BALENGOU CENTRE;BAZOU;MIFI;OUEST
200;OU1003;BALEPO;BABADJOU;BAMBOUTOS;OUEST
201;OU4705;BALESSING-CHEFFERIE;PENKA-MICHEL;MENOUA;OUEST
202;OU4626;BALETET;NKONG-NI;MENOUA;OUEST
203;OUAL05;BALEVENG- BANZA;NKONG-NI;MENOUA;OUEST
204;OU4608;BALEVENG- CENTRE;NKONG-NI;MENOUA;OUEST
205;NW1401;BALI COUNCIL;BALI;MEZAM;NORTH-WEST
206;NW1503;BALI GASHU;BALIKUMBAT;NGOKETUNJIA;NORTH-WEST
207;CE6902;BALIAMA;OMBESSA;MBAM ET INOUBOU;CENTRE
208;OUAL82;BALIG;BANGOU;HAUTS PLATEAUX;OUEST
209;NW3905;BALIGHAM;SANTA;MEZAM;NORTH-WEST
210;NW1501;BALIKUMBAT COUNCIL;BALIKUMBAT;NGOKETUNJIA;NORTH-WEST
211;SW1004;BALLIN;AKWAYA;MANYU;SUD-OUEST
212;CE6603;BALLONG;BATSHENGA;LEKIE;CENTRE
213;OU1905;BALOUM;BANDJA;HAUT NKAM;OUEST
214;OU4706;BALOUM-CHEFFERIE;PENKA-MICHEL;MENOUA;OUEST
215;OUAL81;BALOUMGOU;BANGOU;HAUTS PLATEAUX;OUEST
216;NW3104;BAMALI KING PALACE;NDOP;NGOKETUNJIA;NORTH-WEST
217;NW3105;BAMBALANG;NDOP;NGOKETUNJIA;NORTH-WEST
218;OU4707;BAMBI;PENKA-MICHEL;MENOUA;OUEST
219;NW4003;BAMBILI;TUBAH;MEZAM;NORTH-WEST
220;SW3103;BAMBOKO;MBONGE;MEME;SUD-OUEST
221;OU2705;BAMEBORO;BATCHAM;BAMBOUTOS;OUEST
222;OU4709;BAMEDOU I KP;PENKA-MICHEL;MENOUA;OUEST
223;OU4710;BAMEDOU II;PENKA-MICHEL;MENOUA;OUEST
224;OU4711;BAMEDOU III;PENKA-MICHEL;MENOUA;OUEST
225;OU3302;BAMEGWOU;FOKOUE;MENOUA;OUEST
226;OUAL80;BAMEKA K.P;BAMENDJOU;HAUTS PLATEAUX;OUEST
227;OU4410;BAMEKOMBO KING PLACE;MBOUDA;BAMBOUTOS;OUEST
228;OU4609;BAMELIEU;NKONG-NI;MENOUA;OUEST
229;OU1004;BAMELO;BABADJOU;BAMBOUTOS;OUEST
230;OU2104;BAMENA;BANGANGTE;MIFI;OUEST
231;NW0100;BAMENDA CITY COUNCIL;BAMENDA II;MEZAM;NORTH-WEST
232;NW1601;BAMENDA I COUNCIL;BAMENDA I;MEZAM;NORTH-WEST
233;NW2501;BAMENDA II COUNCIL;BAMENDA II;MEZAM;NORTH-WEST
234;NW1801;BAMENDAIII COUNCIL;BAMENDA III;MEZAM;NORTH-WEST
235;NW1602;BAMENDA-NKWE HEALTH CENTER;BAMENDA I;MEZAM;NORTH-WEST
236;OU4411;BAMENDJINDA KING PLACE;MBOUDA;BAMBOUTOS;OUEST
237;OU4412;BAMENDJINDA IATET;MBOUDA;BAMBOUTOS;OUEST
238;OU3703;BAMENDJING;GALIM;BAMBOUTOS;OUEST
239;OUAL92;BAMENDJO;BAHAM;HAUTS PLATEAUX;OUEST
240;OU4413;BAMENDJO KING PALACE;MBOUDA;BAMBOUTOS;OUEST
241;OU1706;BAMENDJOU CHEFFERIE;BAMENDJOU;HAUTS PLATEAUX;OUEST
242;OU4722;BAMENDOU IEO;PENKA-MICHEL;MENOUA;OUEST
243;OU4712;BAMENDOU METCHOU;PENKA-MICHEL;MENOUA;OUEST
244;OUAL11;BAMENDZI II;BAFOUSSAM I;MIFI;OUEST
245;OU3803;BAMENGUI;KEKEM;HAUT NKAM;OUEST
246;OU3704;BAMENYAM;GALIM;BAMBOUTOS;OUEST
247;OU1005;BAMEPA`AH;BABADJOU;BAMBOUTOS;OUEST
248;NW3106;BAMESSING;NDOP;NGOKETUNJIA;NORTH-WEST
249;OUAL91;BAMESSING;BAMENDJOU;HAUTS PLATEAUX;OUEST
250;OU4415;BAMESSINGUE KING PALACE;MBOUDA;BAMBOUTOS;OUEST
251;OU4414;BAMESSINGUE TOUMAKA;MBOUDA;BAMBOUTOS;OUEST
252;OU4416;BAMESSO KING PALACE;MBOUDA;BAMBOUTOS;OUEST
253;OUAL90;BAMETCHE-FODOM;BANGOU;HAUTS PLATEAUX;OUEST
254;OUAL89;BAMETCHETCHA;BANGOU;HAUTS PLATEAUX;OUEST
255;OU2706;BAMETIM;BATCHAM;BAMBOUTOS;OUEST
256;OU4723;BAMETO;PENKA-MICHEL;MENOUA;OUEST
257;OU4417;BAMOGO BAMENDJO;MBOUDA;BAMBOUTOS;OUEST
258;OUAL88;BAMOHIE;BAMENDJOU;HAUTS PLATEAUX;OUEST
259;OU2707;BAMOUGONG CHEFFERIE;BATCHAM;BAMBOUTOS;OUEST
260;OU1410;BAMOUGOUM KP;BAFOUSSAM III;MIFI;OUEST
261;SW4002;BAMUMBU;WABANE;LEBIALEM;SUD-OUEST
262;NW3107;BAMUMKUMBIT;BALIKUMBAT;NGOKETUNJIA;NORTH-WEST
263;SW1201;BAMUSSO COUNCIL;BAMUSSO;NDIAN;SUD-OUEST
264;OU1805;BANA CHEFFERIE;BANA;HAUT NKAM;OUEST
265;AD1003;BANDAM;BANKIM;MAYO-BANYO;ADAMAOUA
266;OU1903;BANDEGLA;BANDJA;HAUT NKAM;OUEST
267;OU1303;BANDENG;BAFOUSSAM II;MIFI;OUEST
268;OU1906;BANDJA CHEFFERIE;BANDJA;HAUT NKAM;OUEST
269;ES1302;BANDONGOUE;BATOURI;KADEY;EST
270;OU3304;BANDOUM-NDOUNDE;FOKOUE;MENOUA;OUEST
271;OU2902;BANDREFAM CHEFFERIE;BAYANGAM;KOUNG KHI;OUEST
272;OU1205;BANEFO BAFOUSSAM;BAFOUSSAM I;MIFI;OUEST
273;OU1304;BANEFO MIFI;BAFOUSSAM II;MIFI;OUEST
274;OU2113;BANEKANE;BANGANGTE;MIFI;OUEST
275;OU1206;BANENGO VILLE;BAFOUSSAM I;MIFI;OUEST
276;OU4713;BANENSSINTSIT;PENKA-MICHEL;MENOUA;OUEST
277;OU2404;BANFEKO;BANKA;HAUT NKAM;OUEST
278;OU2405;BANFELOUK;BANKA;HAUT NKAM;OUEST
279;LT3202;BANG;NDOM;SANAGA-MARITIME;LITTORAL
280;SW2602;BANGA;KUMBA III;MEME;SUD-OUEST
281;OUAL79;BANGAM CHEFFERIE;BAMENDJOU;HAUTS PLATEAUX;OUEST
282;EN2202;BANGANA;GUERE;MAYO-DANAY;EXTREME-NORD
283;OU2708;BANGANG CHEFFERIE;BATCHAM;BAMBOUTOS;OUEST
284;OU2102;BANGANG FOKAM;BANGANGTE;MIFI;OUEST
285;OU3109;BANGANG FONDJI;DJEBEM;KOUNG KHI;OUEST
286;OU2105;BANGANGTE CHEFFERIE;BANGANGTE;MIFI;OUEST
287;SW1301;BANGEM COUNCIL;BANGEM;KUPE / MUANENGUBA;SUD-OUEST
288;NW1204;BANGOLAN;BABESSI;NGOKETUNJIA;NORTH-WEST
289;CE2402;BANGONG;DEUK;MBAM ET INOUBOU;CENTRE
290;AL87;BANGOU CHEFFERIE;BANGOU;HAUTS PLATEAUX;OUEST
291;OU2106;BANGOUA;BANGANGTE;MIFI;OUEST
292;OU2107;BANGOULAP;BANGANGTE;MIFI;OUEST
293;OU2709;BANGOUO;BATCHAM;BAMBOUTOS;OUEST
294;OU2302;BANGOURAIN CHEFFERIE;BANGOURAIN;NOUN;OUEST
295;LT1802;BANGUE;DOUALA V;WOURI;LITTORAL
296;ES4202;BANGUE;YOKADOUMA;BOUMBA ET NGOKO;EST
297;OU1907;BANGUEKA;BANDJA;HAUT NKAM;OUEST
298;OUAL86;BANKA;BAHAM;HAUTS PLATEAUX;OUEST
299;OU2406;BANKA CHEFFERIE;BANKA;HAUT NKAM;OUEST
300;OU1603;BANKAMBE;BAKOU;HAUT NKAM;OUEST
301;OU3203;BANKI FOREKE DSCHANG;DSCHANG;MENOUA;OUEST
302;OU1106;BANKONDJI;BAFANG;HAUT NKAM;OUEST
303;OU1908;BANKOP;BANDJA;HAUT NKAM;OUEST
304;OU1909;BANO;BANDJA;HAUT NKAM;OUEST
305;OU4715;BANOCK;PENKA-MICHEL;MENOUA;OUEST
306;OU4716;BANSOA I;PENKA-MICHEL;MENOUA;OUEST
307;OU4717;BANSOA II;PENKA-MICHEL;MENOUA;OUEST
308;OU4724;BANSOA III;PENKA-MICHEL;MENOUA;OUEST
309;NW3702;BANTEN;NKUM;BUI;NORTH-WEST
310;OU2108;BANTOUM I;BANGANGTE;MIFI;OUEST
311;OU2114;BANTOUM III;BANGANGTE;MIFI;OUEST
312;ES1303;BANYO II;BATOURI;KADEY;EST
313;EN4905;BAOU;SOULEDE-ROUA;MAYO-TSANAGA;EXTREME-NORD
314;OUAL85;BAPA CHEFFERIE;BANGOU;HAUTS PLATEAUX;OUEST
315;OUAL84;BAPENG;BAMENDJOU;HAUTS PLATEAUX;OUEST
316;OUAL13;BAPI;BAFOUSSAM II;MIFI;OUEST
317;OU2503;BAPOUNGUE;BANWA;HAUT NKAM;OUEST
318;NW4103;BARAKA;WIDIKUM-MENKA;MOMO;NORTH-WEST
319;LT1003;BAREHOCK;BARE;MOUNGO;LITTORAL
320;EN2402;BARGARAM;HILE ALIFA;DIAMARE;EXTREME-NORD
321;EN2308;BARLANG;DZIGUILAO;MAYO-KANI;EXTREME-NORD
322;SW2202;BARRACKS;KOMBO-ITINDI;NDIAN;SUD-OUEST
323;SW3902;BASENG;TOMBEL;KUPE / MUANENGUBA;SUD-OUEST
324;LT1702;BASSA- IOGBABA;DOUALA III;WOURI;LITTORAL
325;OU2602;BASSAMBA;BASSAMBA;MIFI;OUEST
326;OU1107;BASSAP;BAFANG;HAUT NKAM;OUEST
327;OU1402;BASSE;BAFOUSSAM III;MIFI;OUEST
328;OU4611;BASSESSA-FOTSA;NKONG-NI;MENOUA;OUEST
329;OU4628;BASSESSA-MVOUH;NKONG-NI;MENOUA;OUEST
330;OU4718;BASSOSSIA;PENKA-MICHEL;MENOUA;OUEST
331;OU1806;BATCHA;BANA;HAUT NKAM;OUEST
332;OU2711;BATCHAM BATCHUETIO;BATCHAM;BAMBOUTOS;OUEST
333;OU2710;BATCHAM CHEFFERIE;BATCHAM;BAMBOUTOS;OUEST
334;OUALF8;BATCHAVEU;BAMENDJOU;HAUTS PLATEAUX;OUEST
335;OU4719;BATCHEU;PENKA-MICHEL;MENOUA;OUEST
336;OU1910;BATCHEU (BABOUANTOU);BANDJA;HAUT NKAM;OUEST
337;OU2109;BATCHINGOU;BANGANGTE;MIFI;OUEST
338;OU1911;BATCHITCHEU;BANDJA;HAUT NKAM;OUEST
339;OU1912;BATCHITCHEU (FONDANTI);BANDJA;HAUT NKAM;OUEST
340;OU2408;BATCHO;BANKA;HAUT NKAM;OUEST
341;OUAL78;BATCHOUM;BAMENDJOU;HAUTS PLATEAUX;OUEST
342;OUAL77;BATCHUNKANG;BAMENDJOU;HAUTS PLATEAUX;OUEST
343;OU3705;BATI;GALIM;BAMBOUTOS;OUEST
344;NW1901;BATIBO COUNCIL;BATIBO;MOMO;NORTH-WEST
345;SW2802;BATOKE;LIMBE II;FAKO;SUD-OUEST
346;LT2203;BATOMBE;EDEA I;SANAGA-MARITIME;LITTORAL
347;OUAL76;BATOSSOUO;BAHAM;HAUTS PLATEAUX;OUEST
348;AD2103;BATOUA GODOLE;MEIGANGA;MBERE;ADAMAOUA
349;OU2903;BATOUFAM CHEFFERIE;BAYANGAM;KOUNG KHI;OUEST
350;OU1913;BATOULA (BABOUANTOU);BANDJA;HAUT NKAM;OUEST
351;OUALF9;BATOUNTA;BAMENDJOU;HAUTS PLATEAUX;OUEST
352;NW14O2;BAWOCK KING PALACE;BALI;MEZAM;NORTH-WEST
353;OU2904;BAYANGAM CHEFFERIE;BAYANGAM;KOUNG KHI;OUEST
354;AD1203;BAYARA;BELEL;VINA;ADAMAOUA
355;OUALF14;BAYE;BAFOUSSAM II;MIFI;OUEST
356;NW1802;BAYELLE MANDA;BAMENDA III;MEZAM;NORTH-WEST
357;CE3602;BAYOMEN;KON-YAMBETTA;MBAM ET INOUBOU;CENTRE
358;LT1005;BAYON;BARE;MOUNGO;LITTORAL
359;OU3804;BAYON;KEKEM;HAUT NKAM;OUEST
360;ES2102;BAYONG;DOUME;HAUT-NYONG;EST
361;OU4612;BAZEMTO;NKONG-NI;MENOUA;OUEST
362;SW4003;BECHATI;WABANE;LEBIALEM;SUD-OUEST
363;CE2502;BEDA;DIBANG;NYONG ET KELLE;CENTRE
364;CE2106;BEGNI;BOKITO;MBAM ET INOUBOU;CENTRE
365;ES2902;BEGOND;MBOMA;HAUT-NYONG;EST
366;AD2402;BEKA GOTTO;NGAOUNDAL;DJEREM;ADAMAOUA
367;AD2104;BEKA GUIWAN;MEIGANGA;MBERE;ADAMAOUA
368;AD1711;BEKA MANGARI;MARTAP;VINA;ADAMAOUA
369;AD2502;BEKA-HOSSERE;NGAOUNDERE I;VINA;ADAMAOUA
370;AD1204;BEKA-MODIBO;BELEL;VINA;ADAMAOUA
371;ES4003;BELA;SALAPOUMBE;BOUMBA ET NGOKO;EST
372;ENAL79;BELGUEDE;FOTOKOL;DIAMARE;EXTREME-NORD
373;NW2001;BELO COUNCIL;BELO;BOYO;NORTH-WEST
374;CE2606;BEMBE;DZENG;NYONG ET SO'O;CENTRE
375;NW4203;BENADE;MENCHUM VALLEY;MENCUM;NORTH-WEST
376;NW4204;BENAGUDI;MENCHUM VALLEY;MENCUM;NORTH-WEST
377;NW4201;BENAKUMA COUNCIL;MENCHUM VALLEY;MENCUM;NORTH-WEST
378;CE4934;BENEBALOT;MFOU;MEFOU ET AFAMBA;CENTRE
379;CE5409;BENG BENG;NGAMBE TIKAR;MBAM ET KIM;CENTRE
380;LT3604;BENGA;NKONDJOCK;NKAM;LITTORAL
381;LT1703;BEPANDA;DOUALA V;WOURI;LITTORAL
382;LT1911;BEPANDA BONAMOUSSONGO;DOUALA V;WOURI;LITTORAL
383;LT1804;BEPANDA OMNISPORT;DOUALA V;WOURI;LITTORAL
384;LT1805;BEPANDA PETIT WOURI;DOUALA V;WOURI;LITTORAL
385;NW1004;BERABE;AKO;DONGA-MANTUNG;NORTH-WEST
386;AD2206;BEREM;NGANHA;VINA;ADAMAOUA
387;EN2502;BERING;HINA;MAYO-TSANAGA;EXTREME-NORD
388;SW4004;BESALI;WABANE;LEBIALEM;SUD-OUEST
389;SW1602;BETENGE CUSTOMARY COURT;EKONDO-TITI;NDIAN;SUD-OUEST
390;CE4402;BIAKOA;MBANGASSINA;MBAM ET KIM;CENTRE
391;CE4403;BIALANGUENA;MBANGASSINA;MBAM ET KIM;CENTRE
392;CE3402;BIAMESSE;KIIKI;MBAM ET INOUBOU;CENTRE
393;EN3507;BIAMO;MAKARY;DIAMARE;EXTREME-NORD
394;CE4404;BIATANGANA;MBANGASSINA;MBAM ET KIM;CENTRE
395;CE4504;BIBE;MBANKOMO;MEFOU ET AKONO;CENTRE
396;CE1802;BIBEY;BIBEY;HAUTE SANAGA;CENTRE
397;CE4934;BIBIE;MFOU;MEFOU ET AFAMBA;CENTRE
398;EN1302;BIDEINE;DARAK;DIAMARE;EXTREME-NORD
399;CE4803;BIDJOCKA;MESSONDO;NYONG ET KELLE;CENTRE
400;ES3002;BIDJOMBO;MESSAMENA;HAUT-NYONG;EST
401;CE1338;BIDJONG;AKONOLINGA;NYONG ET MFOUMOU;CENTRE
402;OU2712;BIETE;BATCHAM;BAMBOUTOS;OUEST
403;SW3104;BIG BEKONDO;MBONGE;MEME;SUD-OUEST
404;ES3802;BIKA;NGUELEMENDOUGA;HAUT-NYONG;EST
405;CE2707;BIKOGO;EBEBDA;LEKIE;CENTRE
406;CE2903;BIKOGO;ELIG-MFOMO;LEKIE;CENTRE
407;CEAL26;BIKOK CENTRE;BIKOK;MEFOU ET AKONO;CENTRE
408;CE4518;BIKOLOK- BIKOUME I;MBANKOMO;MEFOU ET AKONO;CENTRE
409;CE1902;BIKOP;BIKOK;MEFOU ET AKONO;CENTRE
410;CE3202;BIKOUE;ESSE;MEFOU ET AFAMBA;CENTRE
411;CE3002;BIKOUM;ENDOM;NYONG ET MFOUMOU;CENTRE
412;CE6502;BILANGA KOMBE;NTUI;MBAM ET KIM;CENTRE
413;CE2702;BILIK BINDINK;EBEBDA;LEKIE;CENTRE
414;CE4405;BILOMO;MBANGASSINA;MBAM ET KIM;CENTRE
415;CE6702;BILONO I;OKOLA;LEKIE;CENTRE
416;ES2803;BIMBA;MBANG;KADEY;EST
417;ES2303;BINDIBA;GAROUA-BOULAI;LOM ET DJEREM;EST
418;CEAL30;BINGUELA II;MBANKOMO;MEFOU ET AKONO;CENTRE
419;NW3502;BINKA;NKAMBE;DONGA-MANTUNG;NORTH-WEST
420;LT3203;BIPOCK;NDOM;SANAGA-MARITIME;LITTORAL
421;SW1603;BISORO;EKONDO-TITI;NDIAN;SUD-OUEST
422;CE5202;BISSAGA;NANGA-EBOGO;HAUTE SANAGA;CENTRE
423;CE3203;BISSONG;AFANLOUM;MEFOU ET AFAMBA;CENTRE
424;ES3011;BISSOUA;MESSAMENA;HAUT-NYONG;EST
425;CE3403;BITANG;KIIKI;MBAM ET INOUBOU;CENTRE
426;OU2116;BITCHOUA;BANGANGTE;MIFI;OUEST
427;CE7502;BITENG;YAOUNDE IV;MFOUNDI;CENTRE
428;CE6115;BITOTOL;NKOLAFAMBA;MEFOU ET AFAMBA;CENTRE
429;CE6703;BITSINGDA;OKOLA;LEKIE;CENTRE
430;CE1306;BITSOK MELANE;AKONOLINGA;NYONG ET MFOUMOU;CENTRE
431;CE4517;BIYAN;MBANKOMO;MEFOU ET AKONO;CENTRE
432;CE2607;BIYEBE;DZENG;NYONG ET SO'O;CENTRE
433;CE7702;BIYEM-ASSI;YAOUNDE VI;MFOUNDI;CENTRE
434;EN5202;BIZILI;TOULOUM;MAYO-KANI;EXTREME-NORD
435;EN3508;BLAHE;MAKARY;DIAMARE;EXTREME-NORD
436;SW1202;BOA BALONDO;BAMUSSO;NDIAN;SUD-OUEST
437;AD1702;BOBBODJI;MARTAP;VINA;ADAMAOUA
438;CE2302;BOBOG;BOT MAKAK;NYONG ET KELLE;CENTRE
439;LT1722;BOBONGO;DOUALA III;WOURI;LITTORAL
440;EN2602;BOBOYO;KAELE;MAYO-KANI;EXTREME-NORD
441;LT4202;BODIMAN;YABASSI;NKAM;LITTORAL
442;EN3509;BODO;MAKARY;DIAMARE;EXTREME-NORD
443;CE3102;BOGSO;ESEKA;NYONG ET KELLE;CENTRE
444;LT1811;BOJONGO;DOUALA IV;WOURI;LITTORAL
445;SW1402;BOJONGO;BUEA;FAKO;SUD-OUEST
446;CEALF9;BOKITO II;BOKITO;MBAM ET INOUBOU;CENTRE
447;CE2403;BOKO;DEUK;MBAM ET INOUBOU;CENTRE
448;LT1704;BOKO;DOUALA III;WOURI;LITTORAL
449;CE2202;BOMABOM;BONDJOCK;NYONG ET KELLE;CENTRE
450;LT3204;BOMAKONDO;NDOM;SANAGA-MARITIME;LITTORAL
451;EN3510;BOMBOYO;MAKARY;DIAMARE;EXTREME-NORD
452;LT1303;BOMONO BA MBENGUE;DIBOMBARI;MOUNGO;LITTORAL
453;LT1102;BOMONO GARE;DIBOMBARI;MOUNGO;LITTORAL
454;SW2702;BONADIKOMBO;LIMBE I;FAKO;SUD-OUEST
455;LTALF1;BONADISSAKE;YABASSI;NKAM;LITTORAL
456;LT1504;BONADOUMBE;DOUALA I;WOURI;LITTORAL
457;LTALF2;BONALEA;BONALEA;MOUNGO;LITTORAL
458;LT2403;BONALEBE;LOUM;MOUNGO;LITTORAL
459;LT1304;BONAMATEKE;DIBOMBARI;MOUNGO;LITTORAL
460;LT1814;BONAMATUMBE;DOUALA IV;WOURI;LITTORAL
461;LT1912;BONAMOUSSADI CITE;DOUALA V;WOURI;LITTORAL
462;CE2203;BONDE;BONDJOCK;NYONG ET KELLE;CENTRE
463;CE1337;BONDI;AKONOLINGA;NYONG ET MFOUMOU;CENTRE
464;CE2209;BONDJOCK CENTRE;BONDJOCK;NYONG ET KELLE;CENTRE
465;LT4307;BONEPOUPA;YABASSI;NKAM;LITTORAL
466;CE2108;BONGANDO;BOKITO;MBAM ET INOUBOU;CENTRE
467;CE2109;BONGO;BOKITO;MBAM ET INOUBOU;CENTRE
468;EN3706;BONGORE;MAROUA II;DIAMARE;EXTREME-NORD
469;ES1503;BONIS II;BERTOUA IER;LOM ET DJEREM;EST
470;ESALF5;BOREI;BOGO;DIAMARE;EXTREME-NORD
471;AD1407;BORGOP;DJOHONG;MBERE;ADAMAOUA
472;ES1304;BORONGOUE I;BATOURI;KADEY;EST
473;NW1403;BOSSA;BALI;MEZAM;NORTH-WEST
474;CE2315;BOT MAKAK;BOT MAKAK;NYONG ET KELLE;CENTRE
475;LT3302;BOTBEA;NGAMBE;SANAGA-MARITIME;LITTORAL
476;ES1804;BOUAM;DIANG;LOM ET DJEREM;EST
477;ES2502;BOUBARA;KETTE;KADEY;EST
478;LT2902;BOUBOU;MOMBO;MOUNGO;LITTORAL
479;EN2805;BOUGAYE;KALFOU;MAYO-DANAY;EXTREME-NORD
480;CE2116;BOUGNOUGNOULOUK;BOKITO;MBAM ET INOUBOU;CENTRE
481;EN1902;BOUGOUDOUM;GOBO;MAYO-DANAY;EXTREME-NORD
482;EN1202;BOUKOULA;BOURHA;MAYO-TSANAGA;EXTREME-NORD
483;EN4202;BOULA;MOKOLO;MAYO-TSANAGA;EXTREME-NORD
484;ES1703;BOULI;BETARE-OYA;LOM ET DJEREM;EST
485;AD1904;BOUMDO;MAYO-DARLE;MAYO-BANYO;ADAMAOUA
486;CE5902;BOUMNDJACK;NGUIBASSAL;NYONG ET KELLE;CENTRE
487;CE3902;BOUMNKOK;MAKAK;NYONG ET KELLE;CENTRE
488;CE5502;BOUMNYEBEL;NGOG MAPOUBI;NYONG ET KELLE;CENTRE
489;CE5507;BOUMNYEBEL-LIKANDA;NGOG MAPOUBI;NYONG ET KELLE;CENTRE
490;EN4303;BOUNDERI;MORA;MAYO-SAVA;EXTREME-NORD
491;CE6903;BOURAKA;OMBESSA;MBAM ET INOUBOU;CENTRE
492;EN1203;BOURHA SECONDAIRE;BOURHA;MAYO-TSANAGA;EXTREME-NORD
493;CE6904;BOYABA I;OMBESSA;MBAM ET INOUBOU;CENTRE
494;SW3903;BUBA I;TOMBEL;KUPE / MUANENGUBA;SUD-OUEST
495;SW1401;BUEA COUNCIL;BUEA;FAKO;SUD-OUEST
496;SW2403;BUEA ROAD BONAKAMA;KUMBA I;MEME;SUD-OUEST
497;NW2304;BUM;BUM;BOYO;NORTH-WEST
498;NW1303;BUWE-BAFUT;BAFUT;MEZAM;NORTH-WEST
499;LT1110;BWAPAKI;BONALEA;MOUNGO;LITTORAL
500;CE0100;C0MMUNAUTE URBAINE;YAOUNDE I;MFOUNDI;CENTRE
501;LT2003;CAP CAMEROUN;DOUALA VI;WOURI;LITTORAL
502;SU2407;CECS DE SOCAPALM;LOKOUNDJE;OCEAN;SUD
503;SU3204;CECS AWANDA;MVENGUE;OCEAN;SUD
504;SU3102;CECS D'ABABENDOMAN;MVANGAN;MVILA;SUD
505;SU3811;CECS D'ABANGOK;ZOETELE;DJA ET LOBO;SUD
506;SU2002;CECS D'ABO NTOMBA;EFOULANE;MVILA;SUD
507;SU3810;CECS D'ADJAP;ZOETELE;DJA ET LOBO;SUD
508;SU3402;CECS D'ADJAP;NYETE;OCEAN;SUD
509;SU1402;CECS D'ADJAP-FONG;BIWONG-BANE;MVILA;SUD
510;SU1602;CECS D'AKAK;CAMPO;OCEAN;SUD
511;SU3108;CECS D'AKAM;MVANGAN;MVILA;SUD
512;SU1102;CECS D'AKAM BITAM;AMBAM;VALLEE DU NTEM;SUD
513;SU1103;CECS D'AKAM MESSI;AMBAM;VALLEE DU NTEM;SUD
514;SU3602;CECS D'AKOABAS;OVENG;DJA ET LOBO;SUD
515;SU1002;CECS D'AKOK;AKOM II;OCEAN;SUD
516;SU3202;CECS D'AKOM;MVENGUE;OCEAN;SUD
517;SU3702;CECS D'AKOMESSING;SANGMELIMA;DJA ET LOBO;SUD
518;SU2902;CECS D'AKOM-NDONG;MEYOMESSI;DJA ET LOBO;SUD
519;SU2602;CECS D'ALOUM I;MA'AN;VALLEE DU NTEM;SUD
520;SU1111;CECS D'AMBAM-AYAT;AMBAM;VALLEE DU NTEM;SUD
521;SU2802;CECS D'ANYUNGAN;MEYOMESSALA;DJA ET LOBO;SUD
522;SU1302;CECS D'ASSOCK II;BIPINDI;OCEAN;SUD
523;SU1003;CECS D'ASSOK I;AKOM II;OCEAN;SUD
524;SU3703;CECS D'ASSOK-YEMVENG;SANGMELIMA;DJA ET LOBO;SUD
525;SU3203;CECS D'ATINZAM;MVENGUE;OCEAN;SUD
526;SU1303;CECS D'ATOG-BOGA;BIPINDI;OCEAN;SUD
527;SU2702;CECS D'ATO'OVENG II;MENGONG;MVILA;SUD
528;SU3704;CECS D'AVEBE-ESSE;SANGMELIMA;DJA ET LOBO;SUD
529;SU2903;CECS D'AZEM-YEMFEK;MEYOMESSI;DJA ET LOBO;SUD
530;SU1806;CECS DE AMVAM YEVOL;EBOLOWA IER;MVILA;SUD
531;SU2408;CECS DE BELLA;LOKOUNDJE;OCEAN;SUD
532;SU3719;CECS DE BEYOUNGOU;SANGMELIMA;DJA ET LOBO;SUD
533;SU1902;CECS DE BIBA I;EBOLOWA II EME;MVILA;SUD
534;SU1503;CECS DE BIBA-YEVOL;BIWONG-BULU;MVILA;SUD
535;SU1004;CECS DE BIBINDI;AKOM II;OCEAN;SUD
536;SU2502;CECS DE BIBONDI;LOLODORF;OCEAN;SUD
537;SU1304;CECS DE BIDJOKA;BIPINDI;OCEAN;SUD
538;SU2402;CECS DE BIDOU I;LOKOUNDJE;OCEAN;SUD
539;SU3403;CECS DE BIDOU III;NYETE;OCEAN;SUD
540;SU1006;CECS DE BIFA'A;AKOM II;OCEAN;SUD
541;SU3404;CECS DE BIFA'A;NYETE;OCEAN;SUD
542;SU3705;CECS DE BIKOBO-ESSAMAN;SANGMELIMA;DJA ET LOBO;SUD
543;SU2508;CECS DE BIKOKA;LOLODORF;OCEAN;SUD
544;SU2202;CECS DE BIKONDO;KRIBI IIEME;OCEAN;SUD
545;SU3002;CECS DE BINDOM;MINTOM;DJA ET LOBO;SUD
546;SUALF11;CECS DE BINDOUMBA;ZOETELE;DJA ET LOBO;SUD
547;SU1903;CECS DE BISSOCK;EBOLOWA II EME;MVILA;SUD
548;SU2803;CECS DE BITYE;MEYOMESSALA;DJA ET LOBO;SUD
549;SU1510;CECS DE BIWONG-BULU (VILLAGE);BIWONG-BULU;MVILA;SUD
550;SUALF5;CECS DE BIYEBE;MEYOMESSALA;DJA ET LOBO;SUD
551;SU3506;CECS DE BIYI-AKOUM ESEJE'E;OLAMZE;VALLEE DU NTEM;SUD
552;SU3706;CECS DE BIZANG;SANGMELIMA;DJA ET LOBO;SUD
553;SU1603;CECS DE CAMPO BEACH;CAMPO;OCEAN;SUD
554;SU2403;CECS DE DIKOBE;LOKOUNDJE;OCEAN;SUD
555;SU3302;CECS DE DOUM;NGOULEMAKONG;MVILA;SUD
556;SU3802;CECS DE EBAMINA I;ZOETELE;DJA ET LOBO;SUD
557;SU3809;CECS DE ENGOUTOUK;ZOETELE;DJA ET LOBO;SUD
558;SU1808;CECS DE FOULASSI-YEMBONG;EBOLOWA IER;MVILA;SUD
559;SU2104;CECS DE GRAND BATANGA I;KRIBI IER;OCEAN;SUD
560;SU3710;CECS DE KAMELON;SANGMELIMA;DJA ET LOBO;SUD
561;SU1208;CECS DE KOUNGOULOU;BENGBIS;DJA ET LOBO;SUD
562;SU1306;CECS DE KPWA;BIPINDI;OCEAN;SUD
563;SU3003;CECS DE IELE;MINTOM;DJA ET LOBO;SUD
564;SU2105;CECS DE IOBE;KRIBI IER;OCEAN;SUD
565;SU2203;CECS DE IONDJI;KRIBI IIEME;OCEAN;SUD
566;SU1802;CECS DE IO'O-BIYENG;EBOLOWA IER;MVILA;SUD
567;SU1905;CECS DE MA'AMEZAM;EBOLOWA II EME;MVILA;SUD
568;SU2005;CECS DE MA'ANMENYI-ESSAWO;EFOULANE;MVILA;SUD
569;SU1407;CECS DE MA'ANMENYIN;BIWONG-BANE;MVILA;SUD
570;SU1010;CECS DE MALOMBA I;AKOM II;OCEAN;SUD
571;SU1105;CECS DE MBAMSOA-BAM;AMBAM;VALLEE DU NTEM;SUD
572;SU2503;CECS DE MBANGO;LOLODORF;OCEAN;SUD
573;SU2504;CECS DE MBIKILIKI;LOLODORF;OCEAN;SUD
574;SU1203;CECS DE MBOMETA'A;BENGBIS;DJA ET LOBO;SUD
575;SU2006;CECS DE MBONG YEVOL;EFOULANE;MVILA;SUD
576;SU1702;CECS DE MEBANE;DJOUM;DJA ET LOBO;SUD
577;SU1803;CECS DE MEFACK;EBOLOWA IER;MVILA;SUD
578;SU1906;CECS DE MEFO;EBOLOWA II EME;MVILA;SUD
579;SU3504;CECS DE MEKOMENGONA;OLAMZE;VALLEE DU NTEM;SUD
580;SU1908;CECS DE MEKOMO;EBOLOWA II EME;MVILA;SUD
581;SU2805;CECS DE MEKOMO;MEYOMESSALA;DJA ET LOBO;SUD
582;SU3004;CECS DE MEKOTTO;MINTOM;DJA ET LOBO;SUD
583;SUALF4;CECS DE MELAN II;BENGBIS;DJA ET LOBO;SUD
584;SU1703;CECS DE MELEN/ZAMANE;DJOUM;DJA ET LOBO;SUD
585;SU2904;CECS DE MELOK;MEYOMESSI;DJA ET LOBO;SUD
586;SU3803;CECS DE MELOMEBAE;ZOETELE;DJA ET LOBO;SUD
587;SU1307;CECS DE MELONDO;BIPINDI;OCEAN;SUD
588;SU1308;CECS DE MEMEL II;BIPINDI;OCEAN;SUD
589;SU1106;CECS DE MENDJIMI;AMBAM;VALLEE DU NTEM;SUD
590;SU2004;CECS DE MENGALE;EFOULANE;MVILA;SUD
591;SU3804;CECS DE MENGBWA;ZOETELE;DJA ET LOBO;SUD
592;SU2704;CECS DE MENGONG (VILLAGE);MENGONG;MVILA;SUD
593;SU3724;CECS DE MENGUE;SANGMELIMA;DJA ET LOBO;SUD
594;SU3711;CECS DE MEPHO;SANGMELIMA;DJA ET LOBO;SUD
595;SU2605;CECS DE MESSAMA I;MA'AN;VALLEE DU NTEM;SUD
596;SU2806;CECS DE MESSOK;MEYOMESSALA;DJA ET LOBO;SUD
597;SU1204;CECS DE METOM;BENGBIS;DJA ET LOBO;SUD
598;SU1911;CECS DE METYIPKWALE-YEMISSEM;EBOLOWA II EME;MVILA;SUD
599;SU3502;CECS DE MEYO BIBOULOU;OLAMZE;VALLEE DU NTEM;SUD
600;SU1107;CECS DE MEYO CENTRE;AMBAM;VALLEE DU NTEM;SUD
601;SU1804;CECS DE MEYO VILLE;EBOLOWA IER;MVILA;SUD
602;SU3725;CECS DE MEYO-ESSE;SANGMELIMA;DJA ET LOBO;SUD
603;SUALF6;CECS DE MEYOMAKOT;MEYOMESSALA;DJA ET LOBO;SUD
604;SU2303;CECS DE MEYO-NKOULOU;KYE-OSSI;VALLEE DU NTEM;SUD
605;SU1704;CECS DE MEYOS OBAM;DJOUM;DJA ET LOBO;SUD
606;SU3712;CECS DE MEZESSE;SANGMELIMA;DJA ET LOBO;SUD
607;SU1705;CECS DE MFEM;DJOUM;DJA ET LOBO;SUD
608;SU3207;CECS DE MINKAN;MVENGUE;OCEAN;SUD
609;SU1205;CECS DE MINLA'A;BENGBIS;DJA ET LOBO;SUD
610;SU3309;CECS DE MINLAMIZIBI;NGOULEMAKONG;MVILA;SUD
611;SU1606;CECS DE MINTOM;CAMPO;OCEAN;SUD
612;SU3713;CECS DE MINTYAEMINYUMIN;SANGMELIMA;DJA ET LOBO;SUD
613;SU2505;CECS DE MOUGUE;LOLODORF;OCEAN;SUD
614;SU1706;CECS DE MVENG;DJOUM;DJA ET LOBO;SUD
615;SU1805;CECS DE MVIENG;EBOLOWA IER;MVILA;SUD
616;SU3106;CECS DE NDANGA;MVANGAN;MVILA;SUD
617;SU3107;CECS DE NDICK;MVANGAN;MVILA;SUD
618;SU3603;CECS DE NDJA;OVENG;DJA ET LOBO;SUD
619;SU2606;CECS DE NDJAZENG;MA'AN;VALLEE DU NTEM;SUD
620;SU2905;CECS DE NDJELE;MEYOMESSI;DJA ET LOBO;SUD
621;SUALF12;CECS DE NDTOUA;BIPINDI;OCEAN;SUD
622;SU2807;CECS DE NGOASSE;MEYOMESSALA;DJA ET LOBO;SUD
623;SU1403;CECS DE NGOEKELE-FONG;BIWONG-BANE;MVILA;SUD
624;SU3604;CECS DE NGOUDJEN;OVENG;DJA ET LOBO;SUD
625;SU2705;CECS DE NGOULESSAMAN;MENGONG;MVILA;SUD
626;SU3721;CECS DE NGOULMEKONG;SANGMELIMA;DJA ET LOBO;SUD
627;SU3805;CECS DE NGOUNGOUMOU I;ZOETELE;DJA ET LOBO;SUD
628;SU2506;CECS DE NGOVAYANG;LOLODORF;OCEAN;SUD
629;SU2507;CECS DE NGOYANG;LOLODORF;OCEAN;SUD
630;SU2710;CECS DE NGUET;MENGONG;MVILA;SUD
631;SU2808;CECS DE NKO;MEYOMESSALA;DJA ET LOBO;SUD
632;SU2007;CECS DE NKOADJAP;EFOULANE;MVILA;SUD
633;SU1909;CECS DE NKOADJAP II;EBOLOWA II EME;MVILA;SUD
634;SU3211;CECS DE NKOALA'A;MVENGUE;OCEAN;SUD
635;SU1505;CECS DE NKOETYE;BIWONG-BULU;MVILA;SUD
636;SU1910;CECS DE NKOLANDOM;EBOLOWA II EME;MVILA;SUD
637;SU3806;CECS DE NKOLBANG;ZOETELE;DJA ET LOBO;SUD
638;SU1506;CECS DE NKOLBITYE;BIWONG-BULU;MVILA;SUD
639;SU1206;CECS DE NKOLEBEMBE;BENGBIS;DJA ET LOBO;SUD
640;SU1706;CECS DE NKOLENYENG;DJOUM;DJA ET LOBO;SUD
641;SU2706;CECS DE NKOLETETO;MENGONG;MVILA;SUD
642;SU3716;CECS DE NKOLEYOP;SANGMELIMA;DJA ET LOBO;SUD
643;SU2405;CECS DE NKOLLO;LOKOUNDJE;OCEAN;SUD
644;SU3208;CECS DE NKOLMENDING;MVENGUE;OCEAN;SUD
645;SU1404;CECS DE NKOLNKENG;BIWONG-BANE;MVILA;SUD
646;SU3714;CECS DE NKOLOTOU'OUTU;SANGMELIMA;DJA ET LOBO;SUD
647;SU3715;CECS DE NKOLOWOT I;SANGMELIMA;DJA ET LOBO;SUD
648;SUALF7;CECS DE NKOMO YASSAMAN;MEYOMESSALA;DJA ET LOBO;SUD
649;SU3605;CECS DE NKONO;OVENG;DJA ET LOBO;SUD
650;SU3405;CECS DE NKO'OLONG;NYETE;OCEAN;SUD
651;SU3807;CECS DE NKOUMADJAP II;ZOETELE;DJA ET LOBO;SUD
652;SU2809;CECS DE NKOUT-YEMFEK;MEYOMESSALA;DJA ET LOBO;SUD
653;SU3722;CECS DE NKPWANG;SANGMELIMA;DJA ET LOBO;SUD
654;SU1013;CECS DE NLOMOTO;AKOM II;OCEAN;SUD
655;SU1014;CECS DE NNEMEYONG;AKOM II;OCEAN;SUD
656;SU2707;CECS DE NNEMEYONG I;MENGONG;MVILA;SUD
657;SU2708;CECS DE NNEMEYONG III;MENGONG;MVILA;SUD
658;SU2709;CECS DE NNYENGUE;MENGONG;MVILA;SUD
659;SU1507;CECS DE NSELANG;BIWONG-BULU;MVILA;SUD
660;SU1108;CECS DE NSESSOUM;AMBAM;VALLEE DU NTEM;SUD
661;SU2607;CECS DE NYABIZANE;MA'AN;VALLEE DU NTEM;SUD
662;SU3209;CECS DE NYAMFENDE;MVENGUE;OCEAN;SUD
663;SU1807;CECS DE NYANGONG;EBOLOWA IER;MVILA;SUD
664;SU2406;CECS DE PAMA;LOKOUNDJE;OCEAN;SUD
665;SU3723;CECS DE SANGMELIMA-VILLAGE I;SANGMELIMA;DJA ET LOBO;SUD
666;SU1309;CECS DE SONG MAHI;BIPINDI;OCEAN;SUD
667;SU3305;CECS DE SOUMOU;NGOULEMAKONG;MVILA;SUD
668;SU2810;CECS DE TEKMO;MEYOMESSALA;DJA ET LOBO;SUD
669;SU1110;CECS DE THO II;AMBAM;VALLEE DU NTEM;SUD
670;SU1015;CECS DE TOKO;AKOM II;OCEAN;SUD
671;SU3808;CECS DE WOABETE;ZOETELE;DJA ET LOBO;SUD
672;SU3210;CECS DE WOM;MVENGUE;OCEAN;SUD
673;SU3812;CECS DE YEM;ZOETELE;DJA ET LOBO;SUD
674;SU3306;CECS DE YOP-BENE;NGOULEMAKONG;MVILA;SUD
675;SU3005;CECS DE ZE;MINTOM;DJA ET LOBO;SUD
676;SU3406;CECS DE ZINGUI;NYETE;OCEAN;SUD
677;SU3108;CECS DE ZOEBEFAM;MVANGAN;MVILA;SUD
678;SU3006;CECS DE ZOEBEFAM;MINTOM;DJA ET LOBO;SUD
679;SU3303;CECS D'EBAE;NGOULEMAKONG;MVILA;SUD
680;SU1504;CECS D'EBE;BIWONG-BULU;MVILA;SUD
681;SU1406;CECS D'EBEMEWOMAN I;BIWONG-BANE;MVILA;SUD
682;SU1007;CECS D'EBEMVOK;AKOM II;OCEAN;SUD
683;SU2302;CECS D'EBENGON I;KYE-OSSI;VALLEE DU NTEM;SUD
684;SU1604;CECS D'EBIANEMEYONG;CAMPO;OCEAN;SUD
685;SU1305;CECS D'EBIMIMBANG;BIPINDI;OCEAN;SUD
686;SU1605;CECS D'EBODJE;CAMPO;OCEAN;SUD
687;SU3205;CECS D'EBOM;MVENGUE;OCEAN;SUD
688;SU2102;CECS D'EBOME;KRIBI IER;OCEAN;SUD
689;SU2003;CECS D'EBOM-ESSAWO;EFOULANE;MVILA;SUD
690;SU2103;CECS D'EBOUNDJA;KRIBI IER;OCEAN;SUD
691;SU2804;CECS D'EFOULAN II;MEYOMESSALA;DJA ET LOBO;SUD
692;SU1008;CECS D'EFOULAN II;AKOM II;OCEAN;SUD
693;SUALF2;CECS D'EFOULANE (VILLAGE);EFOULANE;MVILA;SUD
694;SU2603;CECS D'EKEKE;MA'AN;VALLEE DU NTEM;SUD
695;SUALF1;CECS D'EKOWONG;EBOLOWA II EME;MVILA;SUD
696;SU3103;CECS D'EKOWONG I;MVANGAN;MVILA;SUD
697;SU2404;CECS D'ELOGBATINDI;LOKOUNDJE;OCEAN;SUD
698;SU1104;CECS D'ELON;AMBAM;VALLEE DU NTEM;SUD
699;SUALF9;CECS D'EMVIENG I;MEYOMESSI;DJA ET LOBO;SUD
700;SUALF10;CECS D'EMVIENG I;MEYOMESSI;DJA ET LOBO;SUD
701;SUALF3;CECS D'ENAMGAL;NGOULEMAKONG;MVILA;SUD
702;SU3104;CECS D'ENDAMEYOS;MVANGAN;MVILA;SUD
703;SU3105;CECS D'ENDENGUE;MVANGAN;MVILA;SUD
704;SU3503;CECS D'ENGONLOZOK;OLAMZE;VALLEE DU NTEM;SUD
705;SUALF8;CECS D'ESSANGMVOUT;MEYOMESSI;DJA ET LOBO;SUD
706;SU2703;CECS D'ETONDO;MENGONG;MVILA;SUD
707;SU3709;CECS D'EVELESSI;SANGMELIMA;DJA ET LOBO;SUD
708;SU2604;CECS D'EVOUZOK;MA'AN;VALLEE DU NTEM;SUD
709;SU1202;CECS D'EWOLOMBAMA;BENGBIS;DJA ET LOBO;SUD
710;SU3304;CECS D'OBANG II;NGOULEMAKONG;MVILA;SUD
711;SU1207;CECS D'OLEMBE;BENGBIS;DJA ET LOBO;SUD
712;SU1508;CECS D'ONDONDO;BIWONG-BULU;MVILA;SUD
713;SU1509;CECS D'ONGOL;BIWONG-BULU;MVILA;SUD
714;SU1109;CECS D'OVENG MEMVIM;AMBAM;VALLEE DU NTEM;SUD
715;SU1405;CECS D'OVENG-FONG;BIWONG-BANE;MVILA;SUD
716;SU3717;CECS D'OVENG-YEMBONG;SANGMELIMA;DJA ET LOBO;SUD
717;SU3718;CECS D'OVENG-YEMVAK;SANGMELIMA;DJA ET LOBO;SUD
718;SU3307;CECS D'OYACK-FONG;NGOULEMAKONG;MVILA;SUD
719;SU3206;CECS ELON;MVENGUE;OCEAN;SUD
720;SU3402;CECS MBANGO;NYETE;OCEAN;SUD
721;NO3005;CECS TCHIRCOLCTHI;TOUROUA;BENOUE;NORD
722;SU1011;CECSDE MVIE;AKOM II;OCEAN;SUD
723;NO1102;CENTRE SECONDAIRE DE BALKOSSA;BEKA;FARO;NORD
724;NOALF7;CENTRE SECONDAIRE DE BAME;LAGDO;BENOUE;NORD
725;NOALF10;CENTRE SECONDAIRE DE BANGLI;MAYO-HOURNA;BENOUE;NORD
726;NO2612;CENTRE SECONDAIRE DE BANTADJE;POLI;FARO;NORD
727;NOALF2;CENTRE SECONDAIRE DE BAONIA DJALLOU;DEMBO;BENOUE;NORD
728;NO1402;CENTRE SECONDAIRE DE BATAO;FIGUIL;MAYO-LOUTI;NORD
729;NO1903;CENTRE SECONDAIRE DE BELI;GUIDER;MAYO-LOUTI;NORD
730;NO2703;CENTRE SECONDAIRE DE BERE;REY BOUBA;MAYO-REY;NORD
731;NO1403;CENTRE SECONDAIRE DE BIDZAR;FIGUIL;MAYO-LOUTI;NORD
732;NO1404;CENTRE SECONDAIRE DE BIOU;FIGUIL;MAYO-LOUTI;NORD
733;NOALF22;CENTRE SECONDAIRE DE BITOYE;TOUBORO;MAYO-REY;NORD
734;NO2505;CENTRE SECONDAIRE DE BOUNGUEL;PITOA;BENOUE;NORD
735;NO1905;CENTRE SECONDAIRE DE DAFA-LE-BAS;GUIDER;MAYO-LOUTI;NORD
736;NO2303;CENTRE SECONDAIRE DE DAZAL;MAYO OULO;MAYO-LOUTI;NORD
737;NO1925;CENTRE SECONDAIRE DE DJAMBOUTOU;GUIDER;MAYO-LOUTI;NORD
738;NO2902;CENTRE SECONDAIRE DE DJOM;TOUBORO;MAYO-REY;NORD
739;NO2603;CENTRE SECONDAIRE DE DJOUMTE;POLI;FARO;NORD
740;NO2802;CENTRE SECONDAIRE DE DOUDJA;TCHOLLIRE;MAYO REY;NORD
741;NO2305;CENTRE SECONDAIRE DE DOURBEYE;MAYO OULO;MAYO-LOUTI;NORD
742;NO1906;CENTRE SECONDAIRE DE DOUROUM;GUIDER;MAYO-LOUTI;NORD
743;NO3003;CENTRE SECONDAIRE DE ERGUE;TOUROUA;BENOUE;NORD
744;NO1919;CENTRE SECONDAIRE DE GARA-GOLOMBE;GUIDER;MAYO-LOUTI;NORD
745;NO1907;CENTRE SECONDAIRE DE GAVAL;GUIDER;MAYO-LOUTI;NORD
746;NOALF23;CENTRE SECONDAIRE DE GAZAWA;TOUBORO;MAYO-REY;NORD
747;NO2605;CENTRE SECONDAIRE DE GODE;POLI;FARO;NORD
748;NOALF24;CENTRE SECONDAIRE DE GOLOMBALI;TOUBORO;MAYO-REY;NORD
749;NO1908;CENTRE SECONDAIRE DE GOLOMBE;GUIDER;MAYO-LOUTI;NORD
750;NO2805;CENTRE SECONDAIRE DE GOUGA;TCHOLLIRE;MAYO REY;NORD
751;NO1909;CENTRE SECONDAIRE DE KAKALA;GUIDER;MAYO-LOUTI;NORD
752;NO2905;CENTRE SECONDAIRE DE KANANA;TOUBORO;MAYO-REY;NORD
753;NOALF1;CENTRE SECONDAIRE DE KATCHEO;BIBEMI;BENOUE;NORD
754;NO2906;CENTRE SECONDAIRE DE KOMBO;TOUBORO;MAYO-REY;NORD
755;NO2308;CENTRE SECONDAIRE DE KOMBOM;MAYO OULO;MAYO-LOUTI;NORD
756;NO1405;CENTRE SECONDAIRE DE KONG-KONG;FIGUIL;MAYO-LOUTI;NORD
757;NOALF18;CENTRE SECONDAIRE DE KROUK;TCHOLLIRE;MAYO REY;NORD
758;NO1406;CENTRE SECONDAIRE DE IAM;FIGUIL;MAYO-LOUTI;NORD
759;NOALF26;CENTRE SECONDAIRE DE IAOUDJOUGOYE;MADINGRING;MAYO-REY;NORD
760;NO1924;CENTRE SECONDAIRE DE IARBAK;GUIDER;MAYO-LOUTI;NORD
761;NO1918;CENTRE SECONDAIRE DE IIBE;GUIDER;MAYO-LOUTI;NORD
762;NO1923;CENTRE SECONDAIRE DE IOUGGERE;GUIDER;MAYO-LOUTI;NORD
763;NO3004;CENTRE SECONDAIRE DE IOUGOUNDE;TOUROUA;BENOUE;NORD
764;NO1921;CENTRE SECONDAIRE DE MALWOY;GUIDER;MAYO-LOUTI;NORD
765;NO2606;CENTRE SECONDAIRE DE MANA;POLI;FARO;NORD
766;NO2309;CENTRE SECONDAIRE DE MANDAMA;MAYO OULO;MAYO-LOUTI;NORD
767;NO2705;CENTRE SECONDAIRE DE MARADI;REY BOUBA;MAYO-REY;NORD
768;NO1922;CENTRE SECONDAIRE DE MAYEL POLI;GUIDER;MAYO-LOUTI;NORD
769;NO1916;CENTRE SECONDAIRE DE MAYO KEWE;GUIDER;MAYO-LOUTI;NORD
770;NO1912;CENTRE SECONDAIRE DE MAYO IOUE;GUIDER;MAYO-LOUTI;NORD
771;NOALF20;CENTRE SECONDAIRE DE MAYO-GALKE;TCHOLLIRE;MAYO REY;NORD
772;NO2310;CENTRE SECONDAIRE DE MAYO-OULO CHEFFERIE;MAYO OULO;MAYO-LOUTI;NORD
773;NO2908;CENTRE SECONDAIRE DE MBAKANA;TOUBORO;MAYO-REY;NORD
774;NO2907;CENTRE SECONDAIRE DE MBALAIDE;TOUBORO;MAYO-REY;NORD
775;NO2910;CENTRE SECONDAIRE DE MBANG-REY;TOUBORO;MAYO-REY;NORD
776;NO2911;CENTRE SECONDAIRE DE MBONO;TOUBORO;MAYO-REY;NORD
777;NOALF17;CENTRE SECONDAIRE DE MESSO;GUIDER;MAYO-LOUTI;NORD
778;NO2912;CENTRE SECONDAIRE DE MOFARE;TOUBORO;MAYO-REY;NORD
779;NO2311;CENTRE SECONDAIRE DE MOUROUM;MAYO OULO;MAYO-LOUTI;NORD
780;NO1913;CENTRE SECONDAIRE DE MOUSGOY;GUIDER;MAYO-LOUTI;NORD
781;NO2913;CENTRE SECONDAIRE DE NDOCK;TOUBORO;MAYO-REY;NORD
782;NO2914;CENTRE SECONDAIRE DE NGOUMI;TOUBORO;MAYO-REY;NORD
783;NO2915;CENTRE SECONDAIRE DE OURO-KESSOUM;TOUBORO;MAYO-REY;NORD
784;NO2916;CENTRE SECONDAIRE DE PANDJAMA;TOUBORO;MAYO-REY;NORD
785;NO1407;CENTRE SECONDAIRE DE PELGUE-FIGUIL;FIGUIL;MAYO-LOUTI;NORD
786;NOALF15;CENTRE SECONDAIRE DE PITOA;PITOA;BENOUE;NORD
787;NO2917;CENTRE SECONDAIRE DE RANANA;TOUBORO;MAYO-REY;NORD
788;NO2918;CENTRE SECONDAIRE DE RIBAO;TOUBORO;MAYO-REY;NORD
789;NO1003;CENTRE SECONDAIRE DE ROGNOU;BASHEO;BENOUE;NORD
790;NO2807;CENTRE SECONDAIRE DE SAKDJE;TCHOLLIRE;MAYO REY;NORD
791;NO2707;CENTRE SECONDAIRE DE SINASSI;REY BOUBA;MAYO-REY;NORD
792;NO2919;CENTRE SECONDAIRE DE SIRI;TOUBORO;MAYO-REY;NORD
793;NOALF27;CENTRE SECONDAIRE DE SOROMBEO;MADINGRING;MAYO-REY;NORD
794;NO2809;CENTRE SECONDAIRE DE SOTA;TCHOLLIRE;MAYO REY;NORD
795;NO2810;CENTRE SECONDAIRE DE TABOUN;TCHOLLIRE;MAYO REY;NORD
796;NO2402;CENTRE SECONDAIRE DE TCHEBOA;NGONG;BENOUE;NORD
797;NO2921;CENTRE SECONDAIRE DE TOULDORO;TOUBORO;MAYO-REY;NORD
798;NOALF25;CENTRE SECONDAIRE DE VOGZOM;TOUBORO;MAYO-REY;NORD
799;NO2609;CENTRE SECONDAIRE DE VOKO;POLI;FARO;NORD
800;NO2610;CENTRE SECONDAIRE DE WANGAI;BEKA;FARO;NORD
801;NO2924;CENTRE SECONDAIRE DE YANLI;TOUBORO;MAYO-REY;NORD
802;NOALF21;CENTRE SECONDAIRE DE YOUKOUT;TCHOLLIRE;MAYO REY;NORD
803;NO1202;CENTRE SECONDAIRE DE ADOUMRI;BIBEMI;BENOUE;NORD
804;NO1902;CENTRE SECONDAIRE DE BABOURI;GUIDER;MAYO-LOUTI;NORD
805;NO2702;CENTRE SECONDAIRE DE BAIKWA;REY BOUBA;MAYO-REY;NORD
806;NO2503;CENTRE SECONDAIRE DE BE;PITOA;BENOUE;NORD
807;NO2302;CENTRE SECONDAIRE DE BERENG;MAYO OULO;MAYO-LOUTI;NORD
808;NO1904;CENTRE SECONDAIRE DE BISSOLI;GUIDER;MAYO-LOUTI;NORD
809;NOALF3;CENTRE SECONDAIRE DE BORI-CENTRE;DEMBO;BENOUE;NORD
810;NO1920;CENTRE SECONDAIRE DE BOUCKADJI;GUIDER;MAYO-LOUTI;NORD
811;NO3002;CENTRE SECONDAIRE DE BOUDANG;TOUROUA;BENOUE;NORD
812;NO1203;CENTRE SECONDAIRE DE BOULA-IBI;BIBEMI;BENOUE;NORD
813;NO2611;CENTRE SECONDAIRE DE BOUMBA;POLI;FARO;NORD
814;NO1703;CENTRE SECONDAIRE DE DENGUI;GAROUA III;BENOUE;NORD
815;NO1702;CENTRE SECONDAIRE DE DJALINGO;GAROUA III;BENOUE;NORD
816;NO1204;CENTRE SECONDAIRE DE DJALOUMI;BIBEMI;BENOUE;NORD
817;NO2102;CENTRE SECONDAIRE DE DJEMADJOU;MADINGRING;MAYO-REY;NORD
818;NO2704;CENTRE SECONDAIRE DE DOBINGA;REY BOUBA;MAYO-REY;NORD
819;NOALF4;CENTRE SECONDAIRE DE DORNOMOU;DEMBO;BENOUE;NORD
820;NO2304;CENTRE SECONDAIRE DE DOUMO;MAYO OULO;MAYO-LOUTI;NORD
821;NO2803;CENTRE SECONDAIRE DE GAMBA;TCHOLLIRE;MAYO REY;NORD
822;NO2506;CENTRE SECONDAIRE DE GAROUA ENVIRON II;PITOA;BENOUE;NORD
823;NOALF16;CENTRE SECONDAIRE DE GATOUGUEL;GUIDER;MAYO-LOUTI;NORD
824;NO2804;CENTRE SECONDAIRE DE GOP-REY;TCHOLLIRE;MAYO REY;NORD
825;NO2103;CENTRE SECONDAIRE DE GOR;MADINGRING;MAYO-REY;NORD
826;NO1917;CENTRE SECONDAIRE DE GOROM;GUIDER;MAYO-LOUTI;NORD
827;NO2002;CENTRE SECONDAIRE DE GOUNA;LAGDO;BENOUE;NORD
828;NO2306;CENTRE SECONDAIRE DE GUIRVIZA;MAYO OULO;MAYO-LOUTI;NORD
829;NO2903;CENTRE SECONDAIRE DE HAIDJAM;TOUBORO;MAYO-REY;NORD
830;NO2904;CENTRE SECONDAIRE DE HANKAO;TOUBORO;MAYO-REY;NORD
831;NO2806;CENTRE SECONDAIRE DE HORMBALI;TCHOLLIRE;MAYO REY;NORD
832;NO2613;CENTRE SECONDAIRE DE HOY;POLI;FARO;NORD
833;NO1002;CENTRE SECONDAIRE DE KOBOSSI;BASHEO;BENOUE;NORD
834;NOALF19;CENTRE SECONDAIRE DE IABOUN;TCHOLLIRE;MAYO REY;NORD
835;NOALF5;CENTRE SECONDAIRE DE IAINDE TCHAKOUM;DEMBO;BENOUE;NORD
836;NO1910;CENTRE SECONDAIRE DE IAMORDE;GUIDER;MAYO-LOUTI;NORD
837;NO1103;CENTRE SECONDAIRE DE MALKOGA;BEKA;FARO;NORD
838;NO1911;CENTRE SECONDAIRE DE MATAFAL;GUIDER;MAYO-LOUTI;NORD
839;NO2909;CENTRE SECONDAIRE DE MBAKA-REY;TOUBORO;MAYO-REY;NORD
840;NO2706;CENTRE SECONDAIRE DE MOMBORE;REY BOUBA;MAYO-REY;NORD
841;NOALF11;CENTRE SECONDAIRE DE NAKONG;MAYO-HOURNA;BENOUE;NORD
842;NOALF12;CENTRE SECONDAIRE DE OURO ARDO;MAYO-HOURNA;BENOUE;NORD
843;NO1802;CENTRE SECONDAIRE DE POMLA MANGA;GASCHIGA;BENOUE;NORD
844;NOALF13;CENTRE SECONDAIRE DE TAWOI;MAYO-HOURNA;BENOUE;NORD
845;NO1104;CENTRE SECONDAIRE DE TCHAMBA;BEKA;FARO;NORD
846;NOALF14;CENTRE SECONDAIRE DE TCHARATCHE;MAYO-HOURNA;BENOUE;NORD
847;NO2811;CENTRE SECONDAIRE DE TCHOLLIRE CHEFFERIE;TCHOLLIRE;MAYO REY;NORD
848;NO2608;CENTRE SECONDAIRE DE TETE;POLI;FARO;NORD
849;NOALF8;CENTRE SECONDAIRE DE TONGOU;LAGDO;BENOUE;NORD
850;NO2920;CENTRE SECONDAIRE DE TOUBORO II;TOUBORO;MAYO-REY;NORD
851;OU1302;CHEFFERIE BALENG;BAFOUSSAM II;MIFI;OUEST
852;OUALF5;CHEFFOU BAHAM;BAHAM;HAUTS PLATEAUX;OUEST
853;OUAL75;CHENGNE;BAHAM;HAUTS PLATEAUX;OUEST
854;EN4603;CHERIF MOUSSARI;MAYO MOSKOTA;MAYO-TSANAGA;EXTREME-NORD
855;LT1721;CITE BERGE;DOUALA III;WOURI;LITTORAL
856;LT1807;CITE DES PALMIERS I;DOUALA V;WOURI;LITTORAL
857;LT1913;CITE DES PALMIERS II;DOUALA V;WOURI;LITTORAL
858;LT1808;CITE SIC BASSA;DOUALA V;WOURI;LITTORAL
859;ES3502;COLOMINE;NGOURA;LOM ET DJEREM;EST
860;AD0100;COMMUNAUTE URBAINE;COMMUNAUTE URBAINE;VINA;ADAMAOUA
861;ES0100;COMMUNAUTE URBAINE;BERTOUA;LOM ET DJEREM;EST
862;NO0100;COMMUNAUTE URBAINE;GAROUA I;BENOUE;NORD
863;SU0200;COMMUNAUTE URBAINE DE KRIBI;KRIBI IER;OCEAN;SUD
864;SU0100;COMMUNAUTE URBAINE D'EBOLOWA;EBOLOWA IER;MVILA;SUD
865;CE1001;COMMUNE D'AFANLOUM;AFANLOUM;MEFOU ET AFAMBA;CENTRE
866;CE1101;COMMUNE D'AKOEMAN;AKOEMAN;NYONG ET SO'O;CENTRE
867;CE1201;COMMUNE D'AKONO;AKONO;MEFOU ET AKONO;CENTRE
868;CE1301;COMMUNE D'AKONOLINGA;AKONOLINGA;NYONG ET MFOUMOU;CENTRE
869;CE1501;COMMUNE D'AYOS;AYOS;NYONG ET MFOUMOU;CENTRE
870;CE1401;COMMUNE DE AWAE;AWAE;MEFOU ET AFAMBA;CENTRE
871;CE1601;COMMUNE DE BAFIA;BAFIA;MBAM ET INOUBOU;CENTRE
872;CE1801;COMMUNE DE BIBEY;BIBEY;HAUTE SANAGA;CENTRE
873;CE1901;COMMUNE DE BIKOK;BIKOK;MEFOU ET AKONO;CENTRE
874;CE2001;COMMUNE DE BIYOUHA;BIYOUHA;NYONG ET KELLE;CENTRE
875;CE2101;COMMUNE DE BOKITO;BOKITO;MBAM ET INOUBOU;CENTRE
876;CE2201;COMMUNE DE BONDJOCK;BONDJOCK;NYONG ET KELLE;CENTRE
877;CE2301;COMMUNE DE BOT MAKAK;BOT MAKAK;NYONG ET KELLE;CENTRE
878;CE2501;COMMUNE DE DIBANG;DIBANG;NYONG ET KELLE;CENTRE
879;CE2601;COMMUNE DE DZENG;DZENG;NYONG ET SO'O;CENTRE
880;CE3201;COMMUNE DE ESSE;ESSE;MEFOU ET AFAMBA;CENTRE
881;CE3401;COMMUNE DE KIIKI;KIIKI;MBAM ET INOUBOU;CENTRE
882;CE3501;COMMUNE DE KOBDOMBO;NYAKOKOMBO;NYONG ET MFOUMOU;CENTRE
883;CE3601;COMMUNE DE KON-YAMBETTA;KON-YAMBETTA;MBAM ET INOUBOU;CENTRE
884;CE3701;COMMUNE DE IEMBE-YEZOUM;LEMBE-YEZOUM;HAUTE SANAGA;CENTRE
885;CE4001;COMMUNE DE MAKENENE;MAKENENE;MBAM ET INOUBOU;CENTRE
886;CE4101;COMMUNE DE MATOMB;MATOMB;NYONG ET KELLE;CENTRE
887;CE4201;COMMUNE DE MBALMAYO;MBALMAYO;NYONG ET SO'O;CENTRE
888;CE4301;COMMUNE DE MBANDJOCK;MBANDJOCK;HAUTE SANAGA;CENTRE
889;CE4401;COMMUNE DE MBANGASSINA;MBANGASSINA;MBAM ET KIM;CENTRE
890;CE4501;COMMUNE DE MBANKOMO;MBANKOMO;MEFOU ET AKONO;CENTRE
891;CE4601;COMMUNE DE MENGANG;MENGANG;NYONG ET MFOUMOU;CENTRE
892;CE4701;COMMUNE DE MENGUEME;MENGUEME;NYONG ET SO'O;CENTRE
893;CE4801;COMMUNE DE MESSONDO;MESSONDO;NYONG ET KELLE;CENTRE
894;CE4901;COMMUNE DE MFOU;MFOU;MEFOU ET AFAMBA;CENTRE
895;CE5001;COMMUNE DE MINTA;MINTA;HAUTE SANAGA;CENTRE
896;CE5201;COMMUNE DE NANGA EBOKO;NANGA-EBOGO;HAUTE SANAGA;CENTRE
897;CE5301;COMMUNE DE NDIKINIMIKI;NDIKINIMIKI;MBAM ET INOUBOU;CENTRE
898;CE5401;COMMUNE DE NGAMBE TIKAR;NGAMBE TIKAR;MBAM ET KIM;CENTRE
899;CE5501;COMMUNE DE NGOG MAPOUBI;NGOG MAPOUBI;NYONG ET KELLE;CENTRE
900;CE5601;COMMUNE DE NGOMEDZAP;NGOMEDZAP;NYONG ET SO'O;CENTRE
901;CE5701;COMMUNE DE NGORO;NGORO;MBAM ET KIM;CENTRE
902;CE5801;COMMUNE DE NGOUMOU;NGOUMOU;MEFOU ET AKONO;CENTRE
903;CE5901;COMMUNE DE NGUIBASSAL;NGUIBASSAL;NYONG ET KELLE;CENTRE
904;CE6001;COMMUNE DE NITOUKOU;NITOUKOU;MBAM ET INOUBOU;CENTRE
905;CE6101;COMMUNE DE NKOLAFAMBA;NKOLAFAMBA;MEFOU ET AFAMBA;CENTRE
906;CE6301;COMMUNE DE NKOTENG;NKOTENG;HAUTE SANAGA;CENTRE
907;CE6401;COMMUNE DE NSEM;NSEM;HAUTE SANAGA;CENTRE
908;CE6501;COMMUNE DE NTUI;NTUI;MBAM ET KIM;CENTRE
909;CE7101;COMMUNE DE SOA;SOA;MEFOU ET AFAMBA;CENTRE
910;CE7901;COMMUNE DE YOKO;YOKO;MBAM ET KIM;CENTRE
911;CE2801;COMMUNE D'EDZENDOUAN;EDZENDOUAN;MEFOU ET AFAMBA;CENTRE
912;CE3001;COMMUNE D'ENDOM;ENDOM;NYONG ET MFOUMOU;CENTRE
913;CE3101;COMMUNE D'ESEKA;ESEKA;NYONG ET KELLE;CENTRE
914;CE6801;COMMUNE D'OLANGUINA;ASSAMBA;MEFOU ET AFAMBA;CENTRE
915;CE6901;COMMUNE D'OMBESSA;OMBESSA;MBAM ET INOUBOU;CENTRE
916;CE6201;COMMUNE NKOLMETET;NKOLMETET;NYONG ET SO'O;CENTRE
917;ES4203;CONGO;YOKADOUMA;BOUMBA ET NGOKO;EST
918;SW1203;COUNCIL SCHOOL UBENEKANG;BAMUSSO;NDIAN;SUD-OUEST
919;EN3302;DABANGA;LOGONE BIRNI;DIAMARE;EXTREME-NORD
920;CE2608;DAIDO;DZENG;NYONG ET SO'O;CENTRE
921;ESA0L;DAIGUENE;MANDJOU;LOM ET DJEREM;EST
922;EN3602;DAKAR;MAROUA I;DIAMARE;EXTREME-NORD
923;EN4502;DAMAI;MOUTOURWA;MAYO-KANI;EXTREME-NORD
924;EN1105;DAMBAYE;BOGO;DIAMARE;EXTREME-NORD
925;EN5503;DANA;YAGOUA;MAYO-DANAY;EXTREME-NORD
926;ENALF7;DANAY- DIGUIZI;YAGOUA;MAYO-DANAY;EXTREME-NORD
927;AD2403;DANFILI;NGAOUNDAL;DJEREM;ADAMAOUA
928;ESAL39;DANG PATOU;BETARE-OYA;LOM ET DJEREM;EST
929;EN1303;DARAK CENTRE;DARAK;DIAMARE;EXTREME-NORD
930;EN4402;DARAM;MOULVOUDAYE;MAYO-KANI;EXTREME-NORD
931;ENALF5;DATCHEKA;DATCHEKA;MAYO-DANAY;EXTREME-NORD
932;CE5203;DEA;NANGA-EBOGO;HAUTE SANAGA;CENTRE
933;LT2202;DEHANE;EDEA I;SANAGA-MARITIME;LITTORAL
934;LT1505;DEIDO;DOUALA I;WOURI;LITTORAL
935;OUALF6;DEMGO;BAHAM;HAUTS PLATEAUX;OUEST
936;ES1411;DENG DENG;NGUELEBOK;LOM ET DJEREM;EST
937;OU2004;DENGBEM;BANGOU;KOUNG KHI;OUEST
938;OU2110;DEPTOUP;BANGANGTE;MIFI;OUEST
939;CE2404;DEUK-CENTRE;DEUK;MBAM ET INOUBOU;CENTRE
940;LT1705;DIBAMBA -BONALOKA;DOUALA III;WOURI;LITTORAL
941;LT1725;DIBAMBA-LEPROSERIE;DOUALA III;WOURI;LITTORAL
942;LT1724;DIBAMBA-YAPOMA;DOUALA III;WOURI;LITTORAL
943;LT4204;DIBENG-NDOGBELE;YABASSI;NKAM;LITTORAL
944;AD2802;DIBI;NYAMBAKA;VINA;ADAMAOUA
945;LT1723;DIBOM I ESPOIR;DOUALA III;WOURI;LITTORAL
946;LT1706;DIBOM II;DOUALA III;WOURI;LITTORAL
947;LT3002;DIBONGO;MOUANKO;SANAGA-MARITIME;LITTORAL
948;LT3103;DIBOUM;NDOBIAN;NKAM;LITTORAL
949;OU4007;DIDANGO;KOUTABA;NOUN;OUEST
950;OU1202;DIEMBOU MELAM I;BAFOUSSAM I;MIFI;OUEST
951;EN3511;DIGAM;MAKARY;DIAMARE;EXTREME-NORD
952;SW3302;DIKOME NGOLO;KOMBO-ITINDI;NDIAN;SUD-OUEST
953;SW1501;DIKOME-BALUE COUNCIL;DIKOME-BALUE;NDIAN;SUD-OUEST
954;ES1305;DIMAKO;BATOURI;KADEY;EST
955;EN4203;DIMEO;MOKOLO;MAYO-TSANAGA;EXTREME-NORD
956;ES3003;DIMPAM;MESSAMENA;HAUT-NYONG;EST
957;CE2503;DINGOMBI;DIBANG;NYONG ET KELLE;CENTRE
958;AD1304;DIR CHEFFERIE;DIR;MBERE;ADAMAOUA
959;OU2016;DJA;BANGOU;KOUNG KHI;OUEST
960;EN2703;DJAFGA;KAI-KAI;MAYO-DANAY;EXTREME-NORD
961;EN4605;DJAMADZAF;MAYO MOSKOTA;MAYO-TSANAGA;EXTREME-NORD
962;ES3803;DJAMBLE;NGUELEMENDOUGA;HAUT-NYONG;EST
963;EN3512;DJAMENA MOUSSA DJIBRILLA;MAKARY;DIAMARE;EXTREME-NORD
964;ES2804;DJAMPIEL;MBANG;KADEY;EST
965;AD1809;DJAMTARI;MAYO-BALEO;FARO ET DEO;ADAMAOUA
966;ES1402;DJANGANE;BELABO;LOM ET DJEREM;EST
967;AD1409;DJAORO MONE;DJOHONG;MBERE;ADAMAOUA
968;EN4002;DJAPPAI;MINDIF;MAYO-KANI;EXTREME-NORD
969;ES1002;DJENASSOUME;ABONG-MBANG;HAUT-NYONG;EST
970;ENAL78;DJIBOUNIBA;HILE ALIFA;DIAMARE;EXTREME-NORD
971;EN4607;DJIBRILI;MAYO MOSKOTA;MAYO-TSANAGA;EXTREME-NORD
972;EN1106;DJIDDEL;BOGO;DIAMARE;EXTREME-NORD
973;OU3102;DJIKO;DJEBEM;KOUNG KHI;OUEST
974;AD1205;DJILOUGOU;BELEL;VINA;ADAMAOUA
975;EN3204;DJINGUILIA;KOZA;MAYO-TSANAGA;EXTREME-NORD
976;AD1402;DJOHONG CHEFFERIE;DJOHONG;MBERE;ADAMAOUA
977;CEAL40;DJOKA;MESSONDO;NYONG ET KELLE;CENTRE
978;AD2903;DJOMBI;TIBATI;DJEREM;ADAMAOUA
979;OU2005;DJOMGHOUO;BANGOU;KOUNG KHI;OUEST
980;LT3205;DJON BASSO;NDOM;SANAGA-MARITIME;LITTORAL
981;CE1307;DJO'O;AKONOLINGA;NYONG ET MFOUMOU;CENTRE
982;NW3602;DJOTTIN;NONI;BUI;NORTH-WEST
983;CE1308;DJOUDJOUA;AKONOLINGA;NYONG ET MFOUMOU;CENTRE
984;LT2903;DJOUGO ROUTE;MOMBO;MOUNGO;LITTORAL
985;EN3804;DJOULGOUF;MAROUA III;DIAMARE;EXTREME-NORD
986;EN4304;DJOUNDE;MORA;MAYO-SAVA;EXTREME-NORD
987;ES4105;DJOUO;NGUELEMENDOUGA;HAUT-NYONG;EST
988;OU1403;DJUNANG -METE;BAFOUSSAM III;MIFI;OUEST
989;OUAL74;DJUT;BAMENDJOU;HAUTS PLATEAUX;OUEST
990;AD1603;DODEO;KONTCHA;FARO ET DEO;ADAMAOUA
991;EN3702;DOGBA;MAROUA II;DIAMARE;EXTREME-NORD
992;EN5504;DOMO;YAGOUA;MAYO-DANAY;EXTREME-NORD
993;CE1602;DONENKENG II;BAFIA;MBAM ET INOUBOU;CENTRE
994;ES3402;DONGONGO;NDELELE;KADEY;EST
995;EN3513;DOROROYA;MAKARY;DIAMARE;EXTREME-NORD
996;AD2105;DOUA;DIR;MBERE;ADAMAOUA
997;AD3002;DOUALYEL;TIGNERE;FARO ET DEO;ADAMAOUA
998;EN5002;DOUAYE;TCHATIBALI;MAYO-DANAY;EXTREME-NORD
999;ENAL77;DOUBANE;GUIDIGUIS;MAYO-KANI;EXTREME-NORD
1000;EN2403;DOUGOUMSILIAO;HILE ALIFA;DIAMARE;EXTREME-NORD
1001;EN2910;DOUKOULA SECONDAIRE;KAR HAY;MAYO-DANAY;EXTREME-NORD
1002;EN3902;DOULEK;MERI;DIAMARE;EXTREME-NORD
1003;EN4305;DOULO;MORA;MAYO-SAVA;EXTREME-NORD
1004;CE7902;DOUME;YOKO;MBAM ET KIM;CENTRE
1005;EN1602;DOUMROU;KAELE;MAYO-KANI;EXTREME-NORD
1006;OU4720;DOUNKE;PENKA-MICHEL;MENOUA;OUEST
1007;EN3903;DOUROUM;MERI;DIAMARE;EXTREME-NORD
1008;EN4604;DOUVAL;MAYO MOSKOTA;MAYO-TSANAGA;EXTREME-NORD
1009;EN3904;DOUVANGAR;MERI;DIAMARE;EXTREME-NORD
1010;NW3003;DUMBU;MISAJE;DONGA-MANTUNG;NORTH-WEST
1011;NW3703;DZENG;NKUM;BUI;NORTH-WEST
1012;NW2602;DZEREMNYAM;JAKIRI;BUI;NORTH-WEST
1013;ENAL76;DZIGUILAO SECONDAIRE;DZIGUILAO;MAYO-KANI;EXTREME-NORD
1014;CE7603;DZOUNGOLO V;YAOUNDE V;MFOUNDI;CENTRE
1015;CE7610;DZOUNGOLO VIL;YAOUNDE V;MFOUNDI;CENTRE
1016;CE6102;DZOUZOK;NKOLAFAMBA;MEFOU ET AFAMBA;CENTRE
1017;ES3804;EBAH;NGUELEMENDOUGA;HAUT-NYONG;EST
1018;ES1404;EBAKA;BELABO;LOM ET DJEREM;EST
1019;CE1914;EBAKOA;BIKOK;MEFOU ET AKONO;CENTRE
1020;LT2802;EBANG - MAMA;MELONG;MOUNGO;LITTORAL
1021;CE7105;EBANG I;SOA;MEFOU ET AFAMBA;CENTRE
1022;CE6704;EBANGA;OKOLA;LEKIE;CENTRE
1023;CE4530;EBEBA;MBANKOMO;MEFOU ET AKONO;CENTRE
1024;CE4530;EBEBA I;MBANKOMO;MEFOU ET AKONO;CENTRE
1025;CE4505;EBEBA II;MBANKOMO;MEFOU ET AKONO;CENTRE
1026;CE7025;EBOGO;SA'A;LEKIE;CENTRE
1027;CE4205;EBOGO;MBALMAYO;NYONG ET SO'O;CENTRE
1028;CE4702;EBOGO;MENGUEME;NYONG ET SO'O;CENTRE
1029;CE7106;EBOGO IV;SOA;MEFOU ET AFAMBA;CENTRE
1030;CE4603;EBOLAKOUNOU;MENGANG;NYONG ET MFOUMOU;CENTRE
1031;CE5808;EBOLBOUM II;NGOUMOU;MEFOU ET AKONO;CENTRE
1032;LT2302;EBOMBE;NGWEI;SANAGA-MARITIME;LITTORAL
1033;CE7002;EBOMZOUT;SA'A;LEKIE;CENTRE
1034;SW3904;EBONJI;TOMBEL;KUPE / MUANENGUBA;SUD-OUEST
1035;LT1008;EBORIJA;NKONGSAMBA I;MOUNGO;LITTORAL
1036;LT1006;EBOU-BARRE;BARE;MOUNGO;LITTORAL
1037;CE6705;EBOUGSI;OKOLA;LEKIE;CENTRE
1038;OU4803;ECHIOK;SANTCHOU;MENOUA;OUEST
1039;CE4516;EDIBKOMBO;MBANKOMO;MEFOU ET AKONO;CENTRE
1040;CE3003;EDJOM;ENDOM;NYONG ET MFOUMOU;CENTRE
1041;CE4604;EDOU;MENGANG;NYONG ET MFOUMOU;CENTRE
1042;CE7003;EDZEN;SA'A;LEKIE;CENTRE
1043;CE6103;EFANDI;NKOLAFAMBA;MEFOU ET AFAMBA;CENTRE
1044;CE3510;EFANDI;AKONOLINGA;NYONG ET MFOUMOU;CENTRE
1045;CE3510;EFANDI;NYAKOKOMBO;NYONG ET MFOUMOU;CENTRE
1046;CE1309;EFOGO;AKONOLINGA;NYONG ET MFOUMOU;CENTRE
1047;CE6604;EFOK;OBALA;LEKIE;CENTRE
1048;CE4605;EFOULAN YENGONO;MENGANG;NYONG ET MFOUMOU;CENTRE
1049;CE6605;EFOUMELESSI;OBALA;LEKIE;CENTRE
1050;CE5702;EGONA;NGORO;MBAM ET KIM;CENTRE
1051;NW4104;EKA;WIDIKUM-MENKA;MOMO;NORTH-WEST
1052;CE7004;EKALANMINKUL;SA'A;LEKIE;CENTRE
1053;CE4905;EKALI I;MFOU;MEFOU ET AFAMBA;CENTRE
1054;LT3902;EKANGTE;NKONGSAMBA II;MOUNGO;LITTORAL
1055;SW1303;EKANJOH-BAJOH;BANGEM;KUPE / MUANENGUBA;SUD-OUEST
1056;CE6706;EKEKAM II;OKOLA;LEKIE;CENTRE
1057;CE6706;EKEKAM III;LOBO;LEKIE;CENTRE
1058;CE7515;EKIE-SUD;YAOUNDE IV;MFOUNDI;CENTRE
1059;LTALF6;EKITE III;EDEA II;SANAGA-MARITIME;LITTORAL
1060;CE3903;EKOADJOM;MAKAK;NYONG ET KELLE;CENTRE
1061;CE1502;EKOK;AYOS;NYONG ET MFOUMOU;CENTRE
1062;CE4906;EKOK I;MFOU;MEFOU ET AFAMBA;CENTRE
1063;CE4941;EKOK-NGOANDOU;MFOU;MEFOU ET AFAMBA;CENTRE
1064;CE4606;EKOKO;MENGANG;NYONG ET MFOUMOU;CENTRE
1065;CEAL12;EKOKO;MFOU;MEFOU ET AFAMBA;CENTRE
1066;CE3302;EKOL;EVOUDOULA;LEKIE;CENTRE
1067;ESAL66;EKOM;SOMALOMO;HAUT-NYONG;EST
1068;CE6104;EKOM I;NKOLAFAMBA;MEFOU ET AFAMBA;CENTRE
1069;CE3004;EKOMBA;ENDOM;NYONG ET MFOUMOU;CENTRE
1070;SW1204;EKOMBE IIONGO;BAMUSSO;NDIAN;SUD-OUEST
1071;SW1205;EKOMBE WATER FALL;BAMUSSO;NDIAN;SUD-OUEST
1072;CE4216;EKOMBITIE;MBALMAYO;NYONG ET SO'O;CENTRE
1073;CEAL32;EKOMBITIE;YAOUNDE I;MFOUNDI;CENTRE
1074;LT2803;EKOM-NKAM;BARE;MOUNGO;LITTORAL
1075;SW1304;EKONA-MOMBO;BANGEM;KUPE / MUANENGUBA;SUD-OUEST
1076;SW3303;EKONDO TITI II;KOMBO-ITINDI;NDIAN;SUD-OUEST
1077;SW1601;EKONDO-TITI COUNCIL;EKONDO-TITI;NDIAN;SUD-OUEST
1078;CE6726;EKONG;OKOLA;LEKIE;CENTRE
1079;CE1103;EKONONG;AKOEMAN;NYONG ET SO'O;CENTRE
1080;CE4607;EKOUA;MENGANG;NYONG ET MFOUMOU;CENTRE
1081;CE5606;EKOUDENDI;NGOMEDZAP;NYONG ET SO'O;CENTRE
1082;CE7302;EKOUDOU;YAOUNDE II;MFOUNDI;CENTRE
1083;CE3005;EKOUDOU;ENDOM;NYONG ET MFOUMOU;CENTRE
1084;CE3204;EKOUDOUMA II;AFANLOUM;MEFOU ET AFAMBA;CENTRE
1085;CE1310;EKOUGOU II;AKONOLINGA;NYONG ET MFOUMOU;CENTRE
1086;CE2305;EKOUM;BOT MAKAK;NYONG ET KELLE;CENTRE
1087;CEAL35;EKOUMDOUM;YAOUNDE IV;MFOUNDI;CENTRE
1088;CEALF54;EKOUMEYECK;NGOMEDZAP;NYONG ET SO'O;CENTRE
1089;CE7513;EKOUNOU I;YAOUNDE IV;MFOUNDI;CENTRE
1090;ES3805;EKPWASONG;NGUELEMENDOUGA;HAUT-NYONG;EST
1091;SW1605;EKUE BALUE;EKONDO-TITI;NDIAN;SUD-OUEST
1092;SW1709;EKWE (INOKUM);EYUMUDJOCK;MANYU;SUD-OUEST
1093;EN3303;EL BIRKE;LOGONE BIRNI;DIAMARE;EXTREME-NORD
1094;NW2201;ELAK COUNCIL;OKU;BUI;NORTH-WEST
1095;CE1411;ELAT;AWAE;MEFOU ET AFAMBA;CENTRE
1096;CE6634;ELIG BODO;OBALA;LEKIE;CENTRE
1097;CEAL37;ELIG EFFA IV;YAOUNDE VI;MFOUNDI;CENTRE
1098;CE2904;ELIG-MFOMO;ELIG-MFOMO;LEKIE;CENTRE
1099;CE6606;ELOG-NGAZOUMA;OBALA;LEKIE;CENTRE
1100;CE5112;ELON;MONATELE;LEKIE;CENTRE
1101;CE4524;ELOUMDEM II;MBANKOMO;MEFOU ET AKONO;CENTRE
1102;SW3503;ELUMBA MBO;NGUTI;KUPE / MUANENGUBA;SUD-OUEST
1103;CE1703;EMANA BENYADA;BATSHENGA;LEKIE;CENTRE
1104;CE7202;EMANA-ETOUDI;YAOUNDE I;MFOUNDI;CENTRE
1105;CE5204;EMTSE;NANGA-EBOGO;HAUTE SANAGA;CENTRE
1106;NW4105;EMUA;WIDIKUM-MENKA;MOMO;NORTH-WEST
1107;CE1311;EMVANE-SSO;AKONOLINGA;NYONG ET MFOUMOU;CENTRE
1108;CE4411;ENANGANA;MBANGASSINA;MBAM ET KIM;CENTRE
1109;CE2905;ENDAMA;ELIG-MFOMO;LEKIE;CENTRE
1110;CE6608;ENDINDING;OBALA;LEKIE;CENTRE
1111;CE7005;ENDOM;EBEBDA;LEKIE;CENTRE
1112;CE4904;ENDOUM;MFOU;MEFOU ET AFAMBA;CENTRE
1113;ESAL41;ENIA II;BERTOUA IIE;LOM ET DJEREM;EST
1114;CE3311;ENOH;EVOUDOULA;LEKIE;CENTRE
1115;CE3006;ENONEN;ENDOM;NYONG ET MFOUMOU;CENTRE
1116;SW1306;ENYANDONG;BANGEM;KUPE / MUANENGUBA;SUD-OUEST
1117;CEAL3;EPEDA I;NSEM;HAUTE SANAGA;CENTRE
1118;ES3006;ESCHOU;MESSAMENA;HAUT-NYONG;EST
1119;NW4205;ESIMBI;MENCHUM VALLEY;MENCUM;NORTH-WEST
1120;SW3304;ESOKI BIMA;KOMBO-ITINDI;NDIAN;SUD-OUEST
1121;CE1402;ESSAMINTSANG;AWAE;MEFOU ET AFAMBA;CENTRE
1122;CE4907;ESSAZOK;MFOU;MEFOU ET AFAMBA;CENTRE
1123;CE5213;ESSEGA-GARE;NANGA-EBOGO;HAUTE SANAGA;CENTRE
1124;LT3303;ESSEING;NGAMBE;SANAGA-MARITIME;LITTORAL
1125;LT2804;ESSEKOU;MELONG;MOUNGO;LITTORAL
1126;ES1405;ESSELEGUE;BELABO;LOM ET DJEREM;EST
1127;LTALF7;ESSENGUE;DOUALA I;WOURI;LITTORAL
1128;SW3202;ESSOH-ATTAH;FONTEM;LEBIALEM;SUD-OUEST
1129;CEALF4;ESSONG-ABOUDI;OKOLA;LEKIE;CENTRE
1130;CE7604;ESSOS-CENTRE;YAOUNDE V;MFOUNDI;CENTRE
1131;NW4206;ESU;FONGUM;MENCUM;NORTH-WEST
1132;ES3602;ETA;NGOYLA;HAUT-NYONG;EST
1133;LT2805;ETABANG;MELONG;MOUNGO;LITTORAL
1134;CE7411;ETOA;YAOUNDE III;MFOUNDI;CENTRE
1135;CE3303;ETOK;EVOUDOULA;LEKIE;CENTRE
1136;CEALF1;ETOLBOT;BIBEY;HAUTE SANAGA;CENTRE
1137;CE7201;ETOUA MEKI;YAOUNDE I;MFOUNDI;CENTRE
1138;CE6609;ETOUD'AYOS;OBALA;LEKIE;CENTRE
1139;CE5302;ETOUNDOU III;NDIKINIMIKI;MBAM ET INOUBOU;CENTRE
1140;CE3205;ETOUTOUA;ESSE;MEFOU ET AFAMBA;CENTRE
1141;CE6707;EVIAN;OKOLA;LEKIE;CENTRE
1142;CE1903;EVINDISSI;BIKOK;MEFOU ET AKONO;CENTRE
1143;CE7512;EWONKANG;YAOUNDE IV;MFOUNDI;CENTRE
1144;CE1312;EYANGAP;AKONOLINGA;NYONG ET MFOUMOU;CENTRE
1145;SWALF4;EYANG-ATEM-AKO;UPPER BANYANG;MANYU;SUD-OUEST
1146;CE3007;EYEK I;ENDOM;NYONG ET MFOUMOU;CENTRE
1147;CE3015;EYEK II;ENDOM;NYONG ET MFOUMOU;CENTRE
1148;CE5111;EYEN-MEYONG;MONATELE;LEKIE;CENTRE
1149;SW1701;EYUMUJOCK COUNCIL;EYUMUDJOCK;MANYU;SUD-OUEST
1150;CE5115;EZEZANG;MONATELE;LEKIE;CENTRE
1151;CE6610;EZEZANG-MENDOUM;OBALA;LEKIE;CENTRE
1152;AD2106;FADA;MEIGANGA;MBERE;ADAMAOUA
1153;EN4802;FADARE;PETTE;DIAMARE;EXTREME-NORD
1154;ENAL75;FADJA;HILE ALIFA;DIAMARE;EXTREME-NORD
1155;EN3514;FADJE II;MAKARY;DIAMARE;EXTREME-NORD
1156;OU1307;FAMCHOUET;BAFOUSSAM II;MIFI;OUEST
1157;OU3103;FAMGHOUO;DJEBEM;KOUNG KHI;OUEST
1158;OU1210;FAMLA;BAFOUSSAM I;MIFI;OUEST
1159;OU3104;FAMLA (MOUDJO);DJEBEM;KOUNG KHI;OUEST
1160;OU2006;FAMLENG;BANGOU;KOUNG KHI;OUEST
1161;OU1207;FAMSAP;BAFOUSSAM I;MIFI;OUEST
1162;CE3502;FANG-BILOUN;NYAKOKOMBO;NYONG ET MFOUMOU;CENTRE
1163;CEAL45;FANG-BILOUN;AYOS;NYONG ET MFOUMOU;CENTRE
1164;CE7303;FEBE VILLAGE;YAOUNDE II;MFOUNDI;CENTRE
1165;CE3206;FEGMIMBANG;ESSE;MEFOU ET AFAMBA;CENTRE
1166;CE6708;FEGMIMBANG I;OKOLA;LEKIE;CENTRE
1167;CE1205;FERMIMBANG I;AKONO;MEFOU ET AKONO;CENTRE
1168;OUAL06;FEUMOCKII;NKONG-NI;MENOUA;OUEST
1169;OU4805;FIALA FONDENERA;SANTCHOU;MENOUA;OUEST
1170;SW2603;FIANGO III CORNERS;KUMBA III;MEME;SUD-OUEST
1171;OU1006;FIDO BAWA;BABADJOU;BAMBOUTOS;OUEST
1172;OU3214;FOGO-NDENG;DSCHANG;MENOUA;OUEST
1173;OU3214;FOGO-NDENG;DSCHANG;MENOUA;OUEST
1174;OU4615;FOKAMEZO;NKONG-NI;MENOUA;OUEST
1175;OU2407;FOLENTCHA;BANKA;HAUT NKAM;OUEST
1176;OU4816;FOMBAP;SANTCHOU;MENOUA;OUEST
1177;SW4005;FOMENJI;WABANE;LEBIALEM;SUD-OUEST
1178;OU3306;FOMOPEA;FOKOUE;MENOUA;OUEST
1179;CE2609;FON;DZENG;NYONG ET SO'O;CENTRE
1180;OU1914;FONDANTI;BANDJA;HAUT NKAM;OUEST
1181;OU1604;FONDJANTI;BAKOU;HAUT NKAM;OUEST
1182;OU1915;FONDJOMEKWET;BANDJA;HAUT NKAM;OUEST
1183;OU3805;FONDJOMOKO;KEKEM;HAUT NKAM;OUEST
1184;OU4805;FONDONERA;SANTCHOU;MENOUA;OUEST
1185;OU4815;FONDONERA GROUPEMENT;SANTCHOU;MENOUA;OUEST
1186;NW2301;FONFUKA COUNCIL;BUM;BOYO;NORTH-WEST
1187;OU3404;FONGO TONGO KING-PLACE;FONGO TONGO;MENOUA;OUEST
1188;OU3806;FONKOUANKEM;KEKEM;HAUT NKAM;OUEST
1189;OU4806;FONTSAM;SANTCHOU;MENOUA;OUEST
1190;OU3307;FONTSA-TOULA;FOKOUE;MENOUA;OUEST
1191;OU1605;FONTSINGA;BAKOU;HAUT NKAM;OUEST
1192;OU1606;FOPOUANGA;BAKOU;HAUT NKAM;OUEST
1193;OU3206;FOREKE DSCHANG KING PALACES;DSCHANG;MENOUA;OUEST
1194;OU3603;FOSSANG;FOUMBOT;NOUN;OUEST
1195;OU3604;FOSSET;FOUMBOT;NOUN;OUEST
1196;OU3204;FOSSONG WENTCHENG (BAWA);DSCHANG;MENOUA;OUEST
1197;OU3207;FOSSONG WENTCHENG KP;DSCHANG;MENOUA;OUEST
1198;OU3212;FOSSONG WENTCHENG MFEU;DSCHANG;MENOUA;OUEST
1199;OU3403;FOSSONG-ELLELEM;FONGO TONGO;MENOUA;OUEST
1200;SW1102;FOSSUNGU;ALOU;LEBIALEM;SUD-OUEST
1201;OU3208;FOTETSA;DSCHANG;MENOUA;OUEST
1202;OU3205;FOTO - FONAKEUKEU;DSCHANG;MENOUA;OUEST
1203;OU3210;FOTO IESSE;DSCHANG;MENOUA;OUEST
1204;OU3209;FOTO-KING PLACE;DSCHANG;MENOUA;OUEST
1205;EN1702;FOTOKOL SECONDAIRE;FOTOKOL;DIAMARE;EXTREME-NORD
1206;OU3216;FOTO-LIVOUNLI;DSCHANG;MENOUA;OUEST
1207;OU3211;FOTO-MAKONG;DSCHANG;MENOUA;OUEST
1208;OU3308;FOTOMENA;FOKOUE;MENOUA;OUEST
1209;OU1916;FOTOUNI CHEFFERIE;BANDJA;HAUT NKAM;OUEST
1210;OU3217;FOTSEM- IESSING;DSCHANG;MENOUA;OUEST
1211;EN2608;FOULOU;KAELE;MAYO-KANI;EXTREME-NORD
1212;SW3504;FOWUNG;NGUTI;KUPE / MUANENGUBA;SUD-OUEST
1213;OU3807;FOYEMTCHA;KEKEM;HAUT NKAM;OUEST
1214;OU4503;FOYET;NJIMOM;NOUN;OUEST
1215;OU3505;FOYOUOM;FOUMBAN;NOUN;OUEST
1216;NW2503;FRU-AWA;FRU-AWA;MENCUM;NORTH-WEST
1217;NW2501;FRU-AWA COUNCIL;FRU-AWA;MENCUM;NORTH-WEST
1218;NW2401;FUNDONG COUNCIL;FUNDONG;BOYO;NORTH-WEST
1219;EN2102;GABARAYE;GUEME;MAYO-DANAY;EXTREME-NORD
1220;EN3205;GABOUA CHEFFERIE;KOZA;MAYO-TSANAGA;EXTREME-NORD
1221;EN3214;GABOUA MALTAMAYA;KOZA;MAYO-TSANAGA;EXTREME-NORD
1222;EN4204;GADALA;MOKOLO;MAYO-TSANAGA;EXTREME-NORD
1223;ES1306;GADJI;BATOURI;KADEY;EST
1224;AD1804;GADJIWAN;MAYO-BALEO;FARO ET DEO;ADAMAOUA
1225;ES2304;GADO BADJERE;GAROUA-BOULAI;LOM ET DJEREM;EST
1226;CE5402;GAH;NGAMBE TIKAR;MBAM ET KIM;CENTRE
1227;CE2405;GAH;DEUK;MBAM ET INOUBOU;CENTRE
1228;CE3603;GAH-BAPE;KON-YAMBETTA;MBAM ET INOUBOU;CENTRE
1229;AD2703;GALDI;NYAMBAKA;VINA;ADAMAOUA
1230;AD1502;GALIM CENTRE;GALIM TIGNERE;FARO ET DEO;ADAMAOUA
1231;OU3706;GALIM KING PLACE;GALIM;BAMBOUTOS;OUEST
1232;AD2207;GAMBOUKOU;NGANHA;VINA;ADAMAOUA
1233;EN1204;GAMBOURA;BOURHA;MAYO-TSANAGA;EXTREME-NORD
1234;EN2503;GAMDOUGOUM;HINA;MAYO-TSANAGA;EXTREME-NORD
1235;AD1806;GANATI;MAYO-BALEO;FARO ET DEO;ADAMAOUA
1236;CE5405;GANDIE;NGAMBE TIKAR;MBAM ET KIM;CENTRE
1237;AD1403;GANDINANG;DJOHONG;MBERE;ADAMAOUA
1238;EN1502;GANGALANG;DATCHEKA;MAYO-DANAY;EXTREME-NORD
1239;AD2208;GANGASSAOU;NGANHA;VINA;ADAMAOUA
1240;AD2117;GANKOMBOL;MEIGANGA;MBERE;ADAMAOUA
1241;AD3003;GARBAYA-YELWA;TIGNERE;FARO ET DEO;ADAMAOUA
1242;EN2604;GAREY;KAELE;MAYO-KANI;EXTREME-NORD
1243;ES3503;GARGA SARALI;NGOURA;LOM ET DJEREM;EST
1244;AD2305;GARGA-PELLA;NGAOUI;MBERE;ADAMAOUA
1245;ES2301;GAROUA-BOULAI;GAROUA-BOULAI;LOM ET DJEREM;EST
1246;ES3513;GAROUA-YAKA;NGOURA;LOM ET DJEREM;EST
1247;AD3004;GASSANGUEL;TIGNERE;FARO ET DEO;ADAMAOUA
1248;EN4219;GAWAR;MOKOLO;MAYO-TSANAGA;EXTREME-NORD
1249;EN4105;GAWAR HOSSERE;MOGODE;MAYO-TSANAGA;EXTREME-NORD
1250;EN4702;GAWEL;NDOUKOULA;DIAMARE;EXTREME-NORD
1251;EN3703;GAYAK;MAROUA II;DIAMARE;EXTREME-NORD
1252;ES2503;GBITI;KETTE;KADEY;EST
1253;CE2408;GBWAH;DEUK;MBAM ET INOUBOU;CENTRE
1254;ES3507;GIWA YANGAMO;NGOURA;LOM ET DJEREM;EST
1255;ENAL74;GOBO SECONDAIRE;GOBO;MAYO-DANAY;EXTREME-NORD
1256;EN3905;GODOLA;MERI;DIAMARE;EXTREME-NORD
1257;EN1504;GOING-TAALA;DATCHEKA;MAYO-DANAY;EXTREME-NORD
1258;EN4606;GOLDAVI;MAYO MOSKOTA;MAYO-TSANAGA;EXTREME-NORD
1259;EN2304;GOLONDAKRI;TOULOUM;MAYO-KANI;EXTREME-NORD
1260;NW3802;GOM;NWA;DONGA-MANTUNG;NORTH-WEST
1261;OU1416;GOUACHE II;BAFOUSSAM III;MIFI;OUEST
1262;EN4403;GOUDOUGOUM;MOULVOUDAYE;MAYO-KANI;EXTREME-NORD
1263;EN4206;GOUDOUR;MOKOLO;MAYO-TSANAGA;EXTREME-NORD
1264;CE1603;GOUFAN I;BAFIA;MBAM ET INOUBOU;CENTRE
1265;CE2406;GOUFE;DEUK;MBAM ET INOUBOU;CENTRE
1266;CE3404;GOUIFE;KIIKI;MBAM ET INOUBOU;CENTRE
1267;EN2305;GOUNDAYE;DZIGUILAO;MAYO-KANI;EXTREME-NORD
1268;AD1206;GOUNDJEL;BELEL;VINA;ADAMAOUA
1269;AD1210;GOUNDJEL-PASTORAL;BELEL;VINA;ADAMAOUA
1270;CE4406;GOURA;MBANGASSINA;MBAM ET KIM;CENTRE
1271;ENAL73;GOURETAL GOUTOUNE;HILE ALIFA;DIAMARE;EXTREME-NORD
1272;ADALF1;GOURWALTI;MAYO-BALEO;FARO ET DEO;ADAMAOUA
1273;EN3203;GOUZDA BODOUM;KOZA;MAYO-TSANAGA;EXTREME-NORD
1274;ES1406;GOYOUM;BELABO;LOM ET DJEREM;EST
1275;ESAL42;GRAND MBOULAYE;MANDJOU;LOM ET DJEREM;EST
1276;CE3108;GRAND MOSQUEE;ESEKA;NYONG ET KELLE;CENTRE
1277;ES1902;GRAND POL;DIMAKO;HAUT-NYONG;EST
1278;LT1108;GRAND SOUZA;BONALEA;MOUNGO;LITTORAL
1279;LT1109;GRAND SOUZA;BONALEA;MOUNGO;LITTORAL
1280;SW1403;GREAT SOPPO;BUEA;FAKO;SUD-OUEST
1281;ES4205;GRIBE;YOKADOUMA;BOUMBA ET NGOKO;EST
1282;ES2202;GRIBI;GARI-GOMBO;BOUMBA ET NGOKO;EST
1283;AD1207;GUEBAKE GASSOL;BELEL;VINA;ADAMAOUA
1284;CE2110;GUEFIGUE;BOKITO;MBAM ET INOUBOU;CENTRE
1285;EN3515;GUELELAIA;MAKARY;DIAMARE;EXTREME-NORD
1286;AD1712;GUENA;MARTAP;VINA;ADAMAOUA
1287;EN2306;GUEREME;GUIDIGUIS;MAYO-KANI;EXTREME-NORD
1288;ENALF12;GUIDIGUIS;GUIDIGUIS;MAYO-KANI;EXTREME-NORD
1289;EN2310;GUIDIGUIS SECONDAIRE;GUIDIGUIS;MAYO-KANI;EXTREME-NORD
1290;CE6906;GUIENTSING I;OMBESSA;MBAM ET INOUBOU;CENTRE
1291;CE6905;GUIENTSING II;OMBESSA;MBAM ET INOUBOU;CENTRE
1292;EN1205;GUILI;BOURHA;MAYO-TSANAGA;EXTREME-NORD
1293;EN1107;GUINLAYE;BOGO;DIAMARE;EXTREME-NORD
1294;EN1903;GUIRIOU;GOBO;MAYO-DANAY;EXTREME-NORD
1295;EN3403;GUIRVIDIG;MAGA;MAYO-DANAY;EXTREME-NORD
1296;EN3906;GUIVEL;MERI;DIAMARE;EXTREME-NORD
1297;AD2107;GUNBELA;MEIGANGA;MBERE;ADAMAOUA
1298;NW1404;GUNGONG;BALI;MEZAM;NORTH-WEST
1299;OU2007;HA’A;BANGOU;KOUNG KHI;OUEST
1300;AD1905;HAMOA;MAYO-DARLE;MAYO-BANYO;ADAMAOUA
1301;AD1703;HANGLOA;MARTAP;VINA;ADAMAOUA
1302;CE2306;HEBGA;BOT MAKAK;NYONG ET KELLE;CENTRE
1303;EN3516;HEDRE;MAKARY;DIAMARE;EXTREME-NORD
1304;EN3304;HIRRALE;LOGONE BIRNI;DIAMARE;EXTREME-NORD
1305;EN4306;HOMAKA;MORA;MAYO-SAVA;EXTREME-NORD
1306;AD2202;HOMBALI;NGANHA;VINA;ADAMAOUA
1307;CE2204;HONDOL;BONDJOCK;NYONG ET KELLE;CENTRE
1308;EN5403;HOUGNO;WINA;MAYO-DANAY;EXTREME-NORD
1309;OU1208;HOUKAHA;BAFOUSSAM I;MIFI;OUEST
1310;EN3908;HOULOUM;MERI;DIAMARE;EXTREME-NORD
1311;NW2202;IBAL;OKU;BUI;NORTH-WEST
1312;SW2302;IBEMI;KONYE;MEME;SUD-OUEST
1313;LT3206;IBONG;NDOM;SANAGA-MARITIME;LITTORAL
1314;NW2206;ICHIM;OKU;BUI;NORTH-WEST
1315;SW1801;IDABATO COUNCIL;IDABATO;NDIAN;SUD-OUEST
1316;SW1901;IDENAU COUNCIL;WEST-COAST;FAKO;SUD-OUEST
1317;AD1208;IDOOL;BELEL;VINA;ADAMAOUA
1318;SW2604;IKILIWINDI;KUMBA III;MEME;SUD-OUEST
1319;CE3103;ILANGA;ESEKA;NYONG ET KELLE;CENTRE
1320;EN1002;ILE KOFIA;BLANGUOA;DIAMARE;EXTREME-NORD
1321;SW1604;ILLOR COUNCIL;EKONDO-TITI;NDIAN;SUD-OUEST
1322;SW1606;ILLOR-BALONDO;EKONDO-TITI;NDIAN;SUD-OUEST
1323;SW2001;ISANGELE COUNCIL;ISANGELE;NDIAN;SUD-OUEST
1324;CE7903;ISSANDJA;YOKO;MBAM ET KIM;CENTRE
1325;LT2602;ISSONDJE I;MASSOCK;SANAGA-MARITIME;LITTORAL
1326;NW2601;JAKIRI COUNCIL;JAKIRI;BUI;NORTH-WEST
1327;LT1707;JAPOMA;DOUALA III;WOURI;LITTORAL
1328;LT1718;JAPOMA II;DOUALA III;WOURI;LITTORAL
1329;NW2207;JIKIJEM;OKU;BUI;NORTH-WEST
1330;OU4603;JOHNNY BALENG;NKONG-NI;MENOUA;OUEST
1331;CE5205;KA'A;NANGA-EBOGO;HAUTE SANAGA;CENTRE
1332;EN2307;KABLA;TOULOUM;MAYO-KANI;EXTREME-NORD
1333;ENAL72;KADA’A;TCHATIBALI;MAYO-DANAY;EXTREME-NORD
1334;EN2605;KAELE VILLE;KAELE;MAYO-KANI;EXTREME-NORD
1335;OUAL73;KAFFO;BAHAM;HAUTS PLATEAUX;OUEST
1336;ES2805;KAGNOL I;MBANG;KADEY;EST
1337;ES2806;KAGNOL III;MBANG;KADEY;EST
1338;EN1402;KAHEO;DARGALA;DIAMARE;EXTREME-NORD
1339;LT2603;KAHN;MASSOCK;SANAGA-MARITIME;LITTORAL
1340;NW2804;KAI;MBENGWI;MOMO;NORTH-WEST
1341;EN2702;KAI-KAI CENTRE;KAI-KAI;MAYO-DANAY;EXTREME-NORD
1342;ES2903;KAK II;MBOMA;HAUT-NYONG;EST
1343;LT1109;KAKE;BONALEA;MOUNGO;LITTORAL
1344;SW2402;KAKE II;KUMBA I;MEME;SUD-OUEST
1345;OU2008;KAKOUO;BANGOU;KOUNG KHI;OUEST
1346;AD1303;KALALDI;DIR;MBERE;ADAMAOUA
1347;ENALF6;KALFOU;KALFOU;MAYO-DANAY;EXTREME-NORD
1348;EN2804;KALFOU SECONDAIRE;KALFOU;MAYO-DANAY;EXTREME-NORD
1349;EN3907;KALLIAO;MERI;DIAMARE;EXTREME-NORD
1350;CE3304;KALNGAHA;EVOUDOULA;LEKIE;CENTRE
1351;CE5607;KAMA;NGOMEDZAP;NYONG ET SO'O;CENTRE
1352;ESAL67;KAMBELE;BATOURI;KADEY;EST
1353;OU2010;KAMGO;BANGOU;KOUNG KHI;OUEST
1354;NW3004;KAMINE-BESSA;MISAJE;DONGA-MANTUNG;NORTH-WEST
1355;OU1413;KAMKOP I;BAFOUSSAM III;MIFI;OUEST
1356;CE1313;KANE;AKONOLINGA;NYONG ET MFOUMOU;CENTRE
1357;EN3517;KAOUSSE;MAKARY;DIAMARE;EXTREME-NORD
1358;EN1305;KARENA;DARAK;DIAMARE;EXTREME-NORD
1359;LT1603;KASSALAFAM;DOUALA II;WOURI;LITTORAL
1360;EN3603;KATOUAL;MAROUA I;DIAMARE;EXTREME-NORD
1361;OU2009;KATSELA;BANGOU;KOUNG KHI;OUEST
1362;CE3905;KAYA;MAKAK;NYONG ET KELLE;CENTRE
1363;OU1007;KAZA;BABADJOU;BAMBOUTOS;OUEST
1364;NW4004;KEDJOM KEKU;TUBAH;MEZAM;NORTH-WEST
1365;NW4005;KEDJOM KETINGUH;TUBAH;MEZAM;NORTH-WEST
1366;CE3803;KELLE;LOBO;LEKIE;CENTRE
1367;CE4806;KELLE NDONGONG;MESSONDO;NYONG ET KELLE;CENTRE
1368;LT3224;KELLENG;NYANON;SANAGA-MARITIME;LITTORAL
1369;SW1710;KEMBONG;EYUMUDJOCK;MANYU;SUD-OUEST
1370;OU1404;KENA I;BAFOUSSAM III;MIFI;OUEST
1371;SW3703;KENDEM;UPPER BANYANG;MANYU;SUD-OUEST
1372;EN3002;KERAWA;KOLOFATA;MAYO-SAVA;EXTREME-NORD
1373;NW2203;KEVU;OKU;BUI;NORTH-WEST
1374;OUAL07;KIAGNI-BALEVENG;NKONG-NI;MENOUA;OUEST
1375;CE3405;KIIKI;KIIKI;MBAM ET INOUBOU;CENTRE
1376;ES3304;KIKA;MOULOUNDO;BOUMBA ET NGOKO;EST
1377;NW3402;KIKFUINI;NJINIKUM;BOYO;NORTH-WEST
1378;EN4102;KILA;MOGODE;MAYO-TSANAGA;EXTREME-NORD
1379;EN3206;KILDA;KOZA;MAYO-TSANAGA;EXTREME-NORD
1380;CE4002;KINDING-NDJABI;MAKENENE;MBAM ET INOUBOU;CENTRE
1381;NW2703;KITIWUM;KUMBO;BUI;NORTH-WEST
1382;OUALF2;KOBA;BAKOU;HAUT NKAM;OUEST
1383;ES3404;KOBI;NDELELE;KADEY;EST
1384;EN3805;KODEK;MAROUA III;DIAMARE;EXTREME-NORD
1385;EN5203;KOFIDE;TOULOUM;MAYO-KANI;EXTREME-NORD
1386;AD2803;KOGNOLI;NYAMBAKA;VINA;ADAMAOUA
1387;EN3518;KOKIO;MAKARY;DIAMARE;EXTREME-NORD
1388;CE2906;KOKODO II;ELIG-MFOMO;LEKIE;CENTRE
1389;CE7006;KOKOE;SA'A;LEKIE;CENTRE
1390;EN4703;KOLA;NDOUKOULA;DIAMARE;EXTREME-NORD
1391;EN4404;KOLARA;MOULVOUDAYE;MAYO-KANI;EXTREME-NORD
1392;LT2504;KOLLA;MANJO;MOUNGO;LITTORAL
1393;EN3004;KOLOFATA SECONDAIRE;KOLOFATA;MAYO-SAVA;EXTREME-NORD
1394;LT2605;KOM;MASSOCK;SANAGA-MARITIME;LITTORAL
1395;NW3403;KOM;NJINIKUM;BOYO;NORTH-WEST
1396;NW3803;KOM;NWA;DONGA-MANTUNG;NORTH-WEST
1397;OU1608;KOMAKO;BAKOU;HAUT NKAM;OUEST
1398;ES4102;KOMBA II;SOMALOMO;HAUT-NYONG;EST
1399;CE4410;KOMBE;MBANGASSINA;MBAM ET KIM;CENTRE
1400;LT2704;KOMBE;MBANGA;MOUNGO;LITTORAL
1401;CEAL39;KOMBE;BOT MAKAK;NYONG ET KELLE;CENTRE
1402;LT3207;KOMBE II;NDOM;SANAGA-MARITIME;LITTORAL
1403;CE1504;KOMBO;AYOS;NYONG ET MFOUMOU;CENTRE
1404;AD2108;KOMBO IAKA;MEIGANGA;MBERE;ADAMAOUA
1405;LT2002;KOMBO MOUKOKO;DOUALA VI;WOURI;LITTORAL
1406;SW2101;KOMBO-ABEDIMO COUNCIL;KOMBO-ABEDIMO;NDIAN;SUD-OUEST
1407;SW2201;KOMBO-ITINDI COUNCIL;KOMBO-ITINDI;NDIAN;SUD-OUEST
1408;SW3105;KOMBONE;MBONGE;MEME;SUD-OUEST
1409;OU1008;KOMBOU;BABADJOU;BAMBOUTOS;OUEST
1410;CE3305;KOMO NGOBO;EVOUDOULA;LEKIE;CENTRE
1411;CE2907;KOMO-ESSELE;ELIG-MFOMO;LEKIE;CENTRE
1412;CE6611;KOMO-MVOG-KANI;OBALA;LEKIE;CENTRE
1413;LT1103;KOMPINA;BONALEA;MOUNGO;LITTORAL
1414;CE3604;KON;KON-YAMBETTA;MBAM ET INOUBOU;CENTRE
1415;CE6709;KONABENG;OKOLA;LEKIE;CENTRE
1416;CE7514;KONDENGUI;YAOUNDE IV;MFOUNDI;CENTRE
1417;NW2305;KONENE;BUM;BOYO;NORTH-WEST
1418;CE5403;KONG;NGAMBE TIKAR;MBAM ET KIM;CENTRE
1419;EN3807;KONGOLA-DJIDDEO;MAROUA III;DIAMARE;EXTREME-NORD
1420;EN3808;KONGOLA-DJOLAO;MAROUA III;DIAMARE;EXTREME-NORD
1421;EN3806;KONGOLA-SAID;MAROUA III;DIAMARE;EXTREME-NORD
1422;OU1415;KONGSO II;BAFOUSSAM III;MIFI;OUEST
1423;AD1602;KONTCHA CHEFFERIE;KONTCHA;FARO ET DEO;ADAMAOUA
1424;OU1308;KONTI BALENG;BAFOUSSAM II;MIFI;OUEST
1425;SW2301;KONYE COUNCIL;KONYE;MEME;SUD-OUEST
1426;NW1405;KOPPIN;BALI;MEZAM;NORTH-WEST
1427;OU1309;KOPTCHOU;BAFOUSSAM II;MIFI;OUEST
1428;ESALF8;KORTCHI;DARAK;DIAMARE;EXTREME-NORD
1429;ESAL68;KOSMADJI I;NGUELEMENDOUGA;HAUT-NYONG;EST
1430;EN4307;KOSSA;MORA;MAYO-SAVA;EXTREME-NORD
1431;EN4207;KOSSEHONE;MOKOLO;MAYO-TSANAGA;EXTREME-NORD
1432;EN3704;KOSSEWA;MAROUA II;DIAMARE;EXTREME-NORD
1433;LT1809;KOTTO;DOUALA V;WOURI;LITTORAL
1434;OU1405;KOUABANG;BAFOUSSAM III;MIFI;OUEST
1435;ES1903;KOUEN;DIMAKO;HAUT-NYONG;EST
1436;OU3502;KOUFFEN-KOUDOUM;FOUMBAN;NOUN;OUEST
1437;CE5102;KOUGOUDA;MONATELE;LEKIE;CENTRE
1438;CE1340;KOUM;AKONOLINGA;NYONG ET MFOUMOU;CENTRE
1439;AD1704;KOUM-KILBA;MARTAP;VINA;ADAMAOUA
1440;ES1407;KOUNDI;BELABO;LOM ET DJEREM;EST
1441;OU3503;KOUNGA;FOUMBAN;NOUN;OUEST
1442;OU1609;KOUNOU;BAKOU;HAUT NKAM;OUEST
1443;OUAL72;KOUOGOUO;BAMENDJOU;HAUTS PLATEAUX;OUEST
1444;OU1417;KOUOGOUO VILLAGE I;BAFOUSSAM III;MIFI;OUEST
1445;OU1407;KOUOGOUO-VILLAGE;BAFOUSSAM III;MIFI;OUEST
1446;OU1406;KOUOGOUO-VILLE;BAFOUSSAM III;MIFI;OUEST
1447;OU3902;KOUOPTAMO KP;KOUOPTAMO;NOUN;OUEST
1448;OU4003;KOUPA KAGNAM;KOUTABA;NOUN;OUEST
1449;OU4004;KOUPA MENKE;KOUTABA;NOUN;OUEST
1450;OU3504;KOUPA-MATAPIT;FOUMBAN;NOUN;OUEST
1451;OU3903;KOUPARA;KOUOPTAMO;NOUN;OUEST
1452;OU2303;KOUPOUOKAM II;BANGOURAIN;NOUN;OUEST
1453;EN4308;KOURGUI;MORA;MAYO-SAVA;EXTREME-NORD
1454;EN2802;KOURO;KALFOU;MAYO-DANAY;EXTREME-NORD
1455;OU2304;KOUROM;BANGOURAIN;NOUN;OUEST
1456;CE3503;KOUTBENGONO;NYAKOKOMBO;NYONG ET MFOUMOU;CENTRE
1457;OU4005;KOUTIE;KOUTABA;NOUN;OUEST
1458;EN3003;KOUYAPE;KOLOFATA;MAYO-SAVA;EXTREME-NORD
1459;NW2902;KOVKI;MVEN;BUI;NORTH-WEST
1460;EN3207;KOZA CENTRE;KOZA;MAYO-TSANAGA;EXTREME-NORD
1461;CE1314;KPWEN;AKONOLINGA;NYONG ET MFOUMOU;CENTRE
1462;CE7703;KULPKA;YAOUNDE VI;MFOUNDI;CENTRE
1463;SW0100;KUMBA CITY COUNCIL;KUMBA I;MEME;SUD-OUEST
1464;SW2401;KUMBA I COUNCIL;KUMBA I;MEME;SUD-OUEST
1465;SW2501;KUMBA II COUNCIL;KUMBA II;MEME;SUD-OUEST
1466;SW2601;KUMBA III COUNCIL;KUMBA III;MEME;SUD-OUEST
1467;NW2701;KUMBO COUNCIL;KUMBO;BUI;NORTH-WEST
1468;SW2605;KURUME;KUMBA III;MEME;SUD-OUEST
1469;NW1005;KUTA;AKO;DONGA-MANTUNG;NORTH-WEST
1470;NW4106;KWAFONG-MENKA;WIDIKUM-MENKA;MOMO;NORTH-WEST
1471;OUAL15;LAGOUENG III;BAFOUSSAM II;MIFI;OUEST
1472;EN5602;LAHAI;ZINA;DIAMARE;EXTREME-NORD
1473;ESAL43;LAI;BETARE-OYA;LOM ET DJEREM;EST
1474;ES2505;LALA;KETTE;KADEY;EST
1475;AD1406;LAMOU;DJOHONG;MBERE;ADAMAOUA
1476;OU1315;LANGOUENG BALENG;BAFOUSSAM II;MIFI;OUEST
1477;ENAL71;LARA;KAELE;MAYO-KANI;EXTREME-NORD
1478;NW3603;LASSIN;NONI;BUI;NORTH-WEST
1479;OU3408;LATCHOUET;FONGO TONGO;MENOUA;OUEST
1480;CE7007;LEBAMZIP;SA'A;LEKIE;CENTRE
1481;CE6710;LEBOUDI I;OKOLA;LEKIE;CENTRE
1482;CE2708;LEKA;EBEBDA;LEKIE;CENTRE
1483;CE6711;LEKIE'ASSI;OKOLA;LEKIE;CENTRE
1484;CE2908;LEKOUKOUA;ELIG-MFOMO;LEKIE;CENTRE
1485;CE5103;LEKOUN;MONATELE;LEKIE;CENTRE
1486;LT2806;LELEM-MANGWETE;MELONG;MOUNGO;LITTORAL
1487;CE3702;LEMBE YEZOUM;LEMBE-YEZOUM;HAUTE SANAGA;CENTRE
1488;CEALF8;LENGBAE;NGORO;MBAM ET KIM;CENTRE
1489;CE6635;LENGOM;OBALA;LEKIE;CENTRE
1490;OU4423;LEPI;MBOUDA;BAMBOUTOS;OUEST
1491;OU3311;LEPOUNG;FOKOUE;MENOUA;OUEST
1492;CE5608;LEPSE;NGOMEDZAP;NYONG ET SO'O;CENTRE
1493;EN2606;LERA;KAELE;MAYO-KANI;EXTREME-NORD
1494;OU3410;LEWE;FONGO TONGO;MENOUA;OUEST
1495;CE5503;LIBELLINGOI NORD;NGOG MAPOUBI;NYONG ET KELLE;CENTRE
1496;AD3005;LIBONG-MARCHE;TIGNERE;FARO ET DEO;ADAMAOUA
1497;OU4624;LIE- GROUPEMENT BALEVENG;NKONG-NI;MENOUA;OUEST
1498;AD1705;LIKOK;MARTAP;VINA;ADAMAOUA
1499;OU3221;LIKONG;DSCHANG;MENOUA;OUEST
1500;CE3906;LIKONGUE;MAKAK;NYONG ET KELLE;CENTRE
1501;LT3209;LIKOUND;NDOM;SANAGA-MARITIME;LITTORAL
1502;LT3210;LIKOUNDBIAM;NDOM;SANAGA-MARITIME;LITTORAL
1503;ES2807;LILA;MBANG;KADEY;EST
1504;EN4309;LIMANI;MORA;MAYO-SAVA;EXTREME-NORD
1505;SW0200;LIMBE CITY COUNCIL;LIMBE I;FAKO;SUD-OUEST
1506;SW2701;LIMBE I COUNCIL;LIMBE I;FAKO;SUD-OUEST
1507;SW2801;LIMBE II COUNCIL;LIMBE II;FAKO;SUD-OUEST
1508;SW2901;LIMBE III COUNCIL;LIMBE III;FAKO;SUD-OUEST
1509;CE2205;LINDOI;BONDJOCK;NYONG ET KELLE;CENTRE
1510;CE7904;LINTE;YOKO;MBAM ET KIM;CENTRE
1511;SW3305;LIPENJA I;KOMBO-ITINDI;NDIAN;SUD-OUEST
1512;CE4102;LISSE;MATOMB;NYONG ET KELLE;CENTRE
1513;CE2504;LISSEGUE;DIBANG;NYONG ET KELLE;CENTRE
1514;CE4933;LOBE;MFOU;MEFOU ET AFAMBA;CENTRE
1515;CE6712;LOBO CENTRE;LOBO;LEKIE;CENTRE
1516;CEAL38;LOCKBIDJONG;BONDJOCK;NYONG ET KELLE;CENTRE
1517;LT4102;LOG BABEM;POUMA;SANAGA-MARITIME;LITTORAL
1518;LT3211;LOG- MBANGA;NDOM;SANAGA-MARITIME;LITTORAL
1519;LT3213;LOG- NOUGK;NDOM;SANAGA-MARITIME;LITTORAL
1520;LT1202;LOGBADJECK;DIBAMBA;SANAGA-MARITIME;LITTORAL
1521;LT1708;LOGBESSOU;DOUALA III;WOURI;LITTORAL
1522;LT3212;LOG-MAY;NDOM;SANAGA-MARITIME;LITTORAL
1523;LT4302;LOGNANGA;YINGUI;NKAM;LITTORAL
1524;LT1810;LOGPOM;DOUALA V;WOURI;LITTORAL
1525;LT1914;LOGPOM/ANDEM;DOUALA V;WOURI;LITTORAL
1526;ES4004;LOKOMO-SEBEC;SALAPOUMBE;BOUMBA ET NGOKO;EST
1527;EN2803;LOKORO;KALFOU;MAYO-DANAY;EXTREME-NORD
1528;AD2109;LOKOTI;MEIGANGA;MBERE;ADAMAOUA
1529;CE2207;LOLA;BONDJOCK;NYONG ET KELLE;CENTRE
1530;ES2402;LOLO I;KENTZOU;KADEY;EST
1531;LT2204;LOM EDEA;EDEA I;SANAGA-MARITIME;LITTORAL
1532;AD1503;LOMPTA;GALIM TIGNERE;FARO ET DEO;ADAMAOUA
1533;ES3102;LONG;MESSOK;HAUT-NYONG;EST
1534;ES1904;LONG TIMBI;DIMAKO;HAUT-NYONG;EST
1535;CE6612;LOUA I;OBALA;LEKIE;CENTRE
1536;AD1706;LOUGGA-TAPPADI;MARTAP;VINA;ADAMAOUA
1537;CE4908;LOUM;MFOU;MEFOU ET AFAMBA;CENTRE
1538;CE1315;LOUM;AKONOLINGA;NYONG ET MFOUMOU;CENTRE
1539;LT2406;LOUM CHANTIER;LOUM;MOUNGO;LITTORAL
1540;CEAL15;LOUM-ESSE;ESSE;MEFOU ET AFAMBA;CENTRE
1541;OU2117;LOUO;BANGANGTE;MIFI;OUEST
1542;NW3202;LUH;NDU;DONGA-MANTUNG;NORTH-WEST
1543;NW3804;LUS;NWA;DONGA-MANTUNG;NORTH-WEST
1544;SW2902;MABETA;LIMBE III;FAKO;SUD-OUEST
1545;OU4203;MABOUOMBOU;MALENTOUEN;NOUN;OUEST
1546;CE2505;MABOYE;DIBANG;NYONG ET KELLE;CENTRE
1547;OU4302;MACHATOUM;MASSANGAM;NOUN;OUEST
1548;EN3519;MADA;MAKARY;DIAMARE;EXTREME-NORD
1549;EN5102;MADA;TOKOMBERE;MAYO-SAVA;EXTREME-NORD
1550;LT1709;MADAGASCAR II;DOUALA III;WOURI;LITTORAL
1551;EN1108;MADAKA;BOGO;DIAMARE;EXTREME-NORD
1552;EN4902;MADAKONAI;SOULEDE-ROUA;MAYO-TSANAGA;EXTREME-NORD
1553;EN3520;MADINA;MAKARY;DIAMARE;EXTREME-NORD
1554;OU4312;MADIYANG;MASSANGAM;NOUN;OUEST
1555;ES4206;MADJOUE;YOKADOUMA;BOUMBA ET NGOKO;EST
1556;ENALF1;MAFOUFOU;MAKARY;DIAMARE;EXTREME-NORD
1557;EN1307;MAGALA KABIR;DARAK;DIAMARE;EXTREME-NORD
1558;EN4310;MAGDEME;MORA;MAYO-SAVA;EXTREME-NORD
1559;OUAL18;MAGHAIT;NJIMOM;NOUN;OUEST
1560;OU4303;MAGNA;MASSANGAM;NOUN;OUEST
1561;OU2018;MAGOM;BANGOU;KOUNG KHI;OUEST
1562;EN4208;MAGOUMAZ;MOKOLO;MAYO-TSANAGA;EXTREME-NORD
1563;LT3235;MAHONDA;NYANON;SANAGA-MARITIME;LITTORAL
1564;OU4202;MAHOUA;MALENTOUEN;NOUN;OUEST
1565;OU4101;MAIIE DE MAGBA;MAGBA;NOUN;OUEST
1566;ES2601;MAIRIE DE IOMIE;LOMIE;HAUT-NYONG;EST
1567;ES1001;MAIRIE D’ABONG-MBANG;ABONG-MBANG;HAUT-NYONG;EST
1568;ESALF1;MAIRIE D’ANGOSSAS;ANGOSSAS;HAUT-NYONG;EST
1569;ES1201;MAIRIE D’ATOK;ATOK;HAUT-NYONG;EST
1570;SU1001;MAIRIE D'AKOM II;AKOM II;OCEAN;SUD
1571;SU1101;MAIRIE D'AMBAM;AMBAM;VALLEE DU NTEM;SUD
1572;ESAL15;MAIRIE DE;GAROUA-BOULAI;LOM ET DJEREM;EST
1573;EN1501;MAIRIE DE;DATCHEKA;MAYO-DANAY;EXTREME-NORD
1574;EN2801;MAIRIE DE;KALFOU;MAYO-DANAY;EXTREME-NORD
1575;EN2301;MAIRIE DE;GUIDIGUIS;MAYO-KANI;EXTREME-NORD
1576;EN1701;MAIRIE DE FOTOKOL;FOTOKOL;DIAMARE;EXTREME-NORD
1577;ES1301;MAIRIE DE BATOURI;BATOURI;KADEY;EST
1578;OU3201;MAIRIE DE DSCHANG;DSCHANG;MENOUA;OUEST
1579;ES2201;MAIRIE DE GARI-GOMBO;GARI-GOMBO;BOUMBA ET NGOKO;EST
1580;NO1501;MAIRIE DE GAROUA I;GAROUA I;BENOUE;NORD
1581;NO1801;MAIRIE DE GASCHIGA;GASCHIGA;BENOUE;NORD
1582;NO2301;MAIRIE DE MAYO OULO;MAYO OULO;MAYO-LOUTI;NORD
1583;EN4601;MAIRIE DE MOZOGO;MAYO MOSKOTA;MAYO-TSANAGA;EXTREME-NORD
1584;NO2701;MAIRIE DE REY BOUBA;REY BOUBA;MAYO-REY;NORD
1585;OU1001;MAIRIE DE BABADJOU;BABADJOU;BAMBOUTOS;OUEST
1586;OU1101;MAIRIE DE BAFANG;BAFANG;HAUT NKAM;OUEST
1587;OU1201;MAIRIE DE BAFOUSSAM I;BAFOUSSAM I;MIFI;OUEST
1588;OU1301;MAIRIE DE BAFOUSSAM II;BAFOUSSAM II;MIFI;OUEST
1589;OU1401;MAIRIE DE BAFOUSSAM III;BAFOUSSAM III;MIFI;OUEST
1590;OUAL62;MAIRIE DE BAHAM;BAHAM;HAUTS PLATEAUX;OUEST
1591;OU1601;MAIRIE DE BAKOU;BAKOU;HAUT NKAM;OUEST
1592;OU1701;MAIRIE DE BAMENDJOU;BAMENDJOU;HAUTS PLATEAUX;OUEST
1593;OU1801;MAIRIE DE BANA;BANA;HAUT NKAM;OUEST
1594;OU1901;MAIRIE DE BANDJA;BANDJA;HAUT NKAM;OUEST
1595;OU2001;MAIRIE DE BANDJOUN;BANGOU;KOUNG KHI;OUEST
1596;OUAL63;MAIRIE DE BANGOU;BANGOU;HAUTS PLATEAUX;OUEST
1597;OU2301;MAIRIE DE BANGOURAIN;BANGOURAIN;NOUN;OUEST
1598;OU2401;MAIRIE DE BANKA;BANKA;HAUT NKAM;OUEST
1599;AD1001;MAIRIE DE BANKIM;BANKIM;MAYO-BANYO;ADAMAOUA
1600;OU2501;MAIRIE DE BANWA;BANWA;HAUT NKAM;OUEST
1601;AD1101;MAIRIE DE BANYO;BANYO;MAYO-BANYO;ADAMAOUA
1602;LT1001;MAIRIE DE BARE;BARE;MOUNGO;LITTORAL
1603;NOALF9;MAIRIE DE BARNDAKE;MAYO-HOURNA;BENOUE;NORD
1604;NO1001;MAIRIE DE BASHEO;BASHEO;BENOUE;NORD
1605;OU2601;MAIRIE DE BASSAMBA;BASSAMBA;MIFI;OUEST
1606;OU2701;MAIRIE DE BATCHAM;BATCHAM;BAMBOUTOS;OUEST
1607;OUAL64;MAIRIE DE BATIE;BANGOU;HAUTS PLATEAUX;OUEST
1608;CE1701;MAIRIE DE BATSHENGA;BATSHENGA;LEKIE;CENTRE
1609;OU2901;MAIRIE DE BAYANGAM;BAYANGAM;KOUNG KHI;OUEST
1610;OU3001;MAIRIE DE BAZOU;BAZOU;MIFI;OUEST
1611;NO1111;MAIRIE DE BEKA;BEKA;FARO;NORD
1612;ES1401;MAIRIE DE BELABO;NGUELEBOK;LOM ET DJEREM;EST
1613;AD1201;MAIRIE DE BELEL;BELEL;VINA;ADAMAOUA
1614;SU1201;MAIRIE DE BENGBIS;BENGBIS;DJA ET LOBO;SUD
1615;ES1501;MAIRIE DE BERTOUA IER;BERTOUA;LOM ET DJEREM;EST
1616;ES1601;MAIRIE DE BERTOUA IIE;BERTOUA IER;LOM ET DJEREM;EST
1617;ESAL44;MAIRIE DE BETARE-OYA;BETARE-OYA;LOM ET DJEREM;EST
1618;NO1201;MAIRIE DE BIBEMIE;BIBEMI;BENOUE;NORD
1619;SU1301;MAIRIE DE BIPINDI;BIPINDI;OCEAN;SUD
1620;SU1401;MAIRIE DE BIWONG-BANE;BIWONG-BANE;MVILA;SUD
1621;SU1501;MAIRIE DE BIWONG-BULU;BIWONG-BULU;MVILA;SUD
1622;EN1001;MAIRIE DE BLANGUOA;BLANGUOA;DIAMARE;EXTREME-NORD
1623;EN1101;MAIRIE DE BOGO;BOGO;DIAMARE;EXTREME-NORD
1624;LT1101;MAIRIE DE BONALEA;BONALEA;MOUNGO;LITTORAL
1625;EN1201;MAIRIE DE BOURHA;BOURHA;MAYO-TSANAGA;EXTREME-NORD
1626;SU1601;MAIRIE DE CAMPO;CAMPO;OCEAN;SUD
1627;EN1301;MAIRIE DE DARAK;DARAK;DIAMARE;EXTREME-NORD
1628;EN1400;MAIRIE DE DARGALA;DARGALA;DIAMARE;EXTREME-NORD
1629;NO1301;MAIRIE DE DEMBO;DEMBO;BENOUE;NORD
1630;CE2401;MAIRIE DE DEUK;DEUK;MBAM ET INOUBOU;CENTRE
1631;ES1801;MAIRIE DE DIANG;DIANG;LOM ET DJEREM;EST
1632;LT1201;MAIRIE DE DIBAMBA;DIBAMBA;SANAGA-MARITIME;LITTORAL
1633;LT1301;MAIRIE DE DIBOMBARIE;DIBOMBARI;MOUNGO;LITTORAL
1634;ES1901;MAIRIE DE DIMAKO;DIMAKO;HAUT-NYONG;EST
1635;AD1301;MAIRIE DE DIR;DIR;MBERE;ADAMAOUA
1636;LT1401;MAIRIE DE DIZANGUE;DIZANGUE;SANAGA-MARITIME;LITTORAL
1637;OU3101;MAIRIE DE DJEBEM;DJEBEM;KOUNG KHI;OUEST
1638;SU11701;MAIRIE DE DJOUM;DJOUM;DJA ET LOBO;SUD
1639;LT1501;MAIRIE DE DOUALA I;DOUALA I;WOURI;LITTORAL
1640;LT1601;MAIRIE DE DOUALA II;DOUALA II;WOURI;LITTORAL
1641;LT1701;MAIRIE DE DOUALA III;DOUALA III;WOURI;LITTORAL
1642;LT1801;MAIRIE DE DOUALA IV;DOUALA IV;WOURI;LITTORAL
1643;LT1901;MAIRIE DE DOUALA V;DOUALA V;WOURI;LITTORAL
1644;LT2001;MAIRIE DE DOUALA VI;DOUALA VI;WOURI;LITTORAL
1645;ES2001;MAIRIE DE DOUMAINTANG;DOUMAINTANG;HAUT-NYONG;EST
1646;ES2101;MAIRIE DE DOUME;DOUME;HAUT-NYONG;EST
1647;EN1601;MAIRIE DE DZIGUILAO;DZIGUILAO;MAYO-KANI;EXTREME-NORD
1648;LT2101;MAIRIE DE EBONE;EBONE;MOUNGO;LITTORAL
1649;LT2201;MAIRIE DE EDEA I;EDEA I;SANAGA-MARITIME;LITTORAL
1650;LT2301;MAIRIE DE EDEA II;EDEA II;SANAGA-MARITIME;LITTORAL
1651;SU2401;MAIRIE DE FIFINDA;LOKOUNDJE;OCEAN;SUD
1652;NO1401;MAIRIE DE FIGUIL;FIGUIL;MAYO-LOUTI;NORD
1653;OU3301;MAIRIE DE FOKOUE FIALA;FOKOUE;MENOUA;OUEST
1654;OU3401;MAIRIE DE FONGO TONGO;FONGO TONGO;MENOUA;OUEST
1655;OU3501;MAIRIE DE FOUMBAN;FOUMBAN;NOUN;OUEST
1656;OU3601;MAIRIE DE FOUMBOT;FOUMBOT;NOUN;OUEST
1657;OU3701;MAIRIE DE GALIM;GALIM;BAMBOUTOS;OUEST
1658;AD1501;MAIRIE DE GALIM TIGNERE;GALIM TIGNERE;FARO ET DEO;ADAMAOUA
1659;NO1601;MAIRIE DE GAROUA II;GAROUA II;BENOUE;NORD
1660;EN1800;MAIRIE DE GAZAWA;GAZAWA;DIAMARE;EXTREME-NORD
1661;EN1901;MAIRIE DE GOBO;GOBO;MAYO-DANAY;EXTREME-NORD
1662;EN2001;MAIRIE DE GOULFEY;GOULFEY;DIAMARE;EXTREME-NORD
1663;EN2101;MAIRIE DE GUEME;GUEME;MAYO-DANAY;EXTREME-NORD
1664;EN2201;MAIRIE DE GUERE;GUERE;MAYO-DANAY;EXTREME-NORD
1665;NO1901;MAIRIE DE GUIDER;GUIDER;MAYO-LOUTI;NORD
1666;EN2401;MAIRIE DE HILE ALIFA;HILE ALIFA;DIAMARE;EXTREME-NORD
1667;EN2501;MAIRIE DE HINA;HINA;MAYO-TSANAGA;EXTREME-NORD
1668;EN2601;MAIRIE DE KAELE;KAELE;MAYO-KANI;EXTREME-NORD
1669;EN2701;MAIRIE DE KAI-KAI;KAI-KAI;MAYO-DANAY;EXTREME-NORD
1670;EN2901;MAIRIE DE KAR HAY;KAR HAY;MAYO-DANAY;EXTREME-NORD
1671;OU3801;MAIRIE DE KEKEM;KEKEM;HAUT NKAM;OUEST
1672;ES2401;MAIRIE DE KENTZOU;KENTZOU;KADEY;EST
1673;ES2501;MAIRIE DE KETTE;KETTE;KADEY;EST
1674;EN3001;MAIRIE DE KOLOFATA;KOLOFATA;MAYO-SAVA;EXTREME-NORD
1675;AD1601;MAIRIE DE KONTCHA;KONTCHA;FARO ET DEO;ADAMAOUA
1676;OU3901;MAIRIE DE KOUOPTAMO;KOUOPTAMO;NOUN;OUEST
1677;EN3101;MAIRIE DE KOUSSERI;KOUSSERI;DIAMARE;EXTREME-NORD
1678;OU4001;MAIRIE DE KOUTABA;KOUTABA;NOUN;OUEST
1679;EN3201;MAIRIE DE KOZA;KOZA;MAYO-TSANAGA;EXTREME-NORD
1680;SU2101;MAIRIE DE KRIBI IER;KRIBI IER;OCEAN;SUD
1681;SU2201;MAIRIE DE KRIBI IIEME;KRIBI IIEME;OCEAN;SUD
1682;SU2301;MAIRIE DE KYE-OSSI;KYE-OSSI;VALLEE DU NTEM;SUD
1683;LT0100;MAIRIE DE IA VILLE DE DOUALA;DOUALA I;WOURI;LITTORAL
1684;EN0100;MAIRIE DE IA VILLE DE MAROUA;DARGALA;DIAMARE;EXTREME-NORD
1685;LT0300;MAIRIE DE IA VILLE DE NKONGSAMBA;NKONGSAMBA I;MOUNGO;LITTORAL
1686;LT0200;MAIRIE DE IA VILLE D'EDEA;EDEA I;SANAGA-MARITIME;LITTORAL
1687;NOALF6;MAIRIE DE IAGDO;LAGDO;BENOUE;NORD
1688;CE3801;MAIRIE DE IOBO;LOBO;LEKIE;CENTRE
1689;EN3301;MAIRIE DE IOGONE BIRNI;LOGONE BIRNI;DIAMARE;EXTREME-NORD
1690;SU2501;MAIRIE DE IOLODORF;LOLODORF;OCEAN;SUD
1691;LT2401;MAIRIE DE IOUM;LOUM;MOUNGO;LITTORAL
1692;SU2601;MAIRIE DE MA'AN;MA'AN;VALLEE DU NTEM;SUD
1693;NO2101;MAIRIE DE MADINGRING;MADINGRING;MAYO-REY;NORD
1694;EN3401;MAIRIE DE MAGA;MAGA;MAYO-DANAY;EXTREME-NORD
1695;CE3901;MAIRIE DE MAKAK;MAKAK;NYONG ET KELLE;CENTRE
1696;EN3501;MAIRIE DE MAKARY;MAKARY;DIAMARE;EXTREME-NORD
1697;OU4201;MAIRIE DE MALENTOUEN;MALENTOUEN;NOUN;OUEST
1698;ESAL50;MAIRIE DE MANDJOU;MANDJOU;LOM ET DJEREM;EST
1699;LT2501;MAIRIE DE MANJO;MANJO;MOUNGO;LITTORAL
1700;EN3601;MAIRIE DE MAROUA I;MAROUA I;DIAMARE;EXTREME-NORD
1701;EN3700;MAIRIE DE MAROUA II;MAROUA II;DIAMARE;EXTREME-NORD
1702;ESALF6;MAIRIE DE MAROUA III;MAROUA III;DIAMARE;EXTREME-NORD
1703;AD1701;MAIRIE DE MARTAP;MARTAP;VINA;ADAMAOUA
1704;OU4301;MAIRIE DE MASSANGAM;MASSANGAM;NOUN;OUEST
1705;LT2601;MAIRIE DE MASSOCK;MASSOCK;SANAGA-MARITIME;LITTORAL
1706;AD1801;MAIRIE DE MAYO-BALEO;MAYO-BALEO;FARO ET DEO;ADAMAOUA
1707;AD1901;MAIRIE DE MAYO-DARLE;MAYO-DARLE;MAYO-BANYO;ADAMAOUA
1708;ES2801;MAIRIE DE MBANG;MBANG;KADEY;EST
1709;LT2701;MAIRIE DE MBANGA;MBANGA;MOUNGO;LITTORAL
1710;AD2001;MAIRIE DE MBE;MBE;VINA;ADAMAOUA
1711;ES2901;MAIRIE DE MBOMA;MBOMA;HAUT-NYONG;EST
1712;ES3901;MAIRIE DE MBOTORO-OULI;MBOTORO-OULI;KADEY;EST
1713;OU4401;MAIRIE DE MBOUDA;MBOUDA;BAMBOUTOS;OUEST
1714;AD2101;MAIRIE DE MEIGANGA;MEIGANGA;MBERE;ADAMAOUA
1715;LT2801;MAIRIE DE MELONG;MELONG;MOUNGO;LITTORAL
1716;SU2701;MAIRIE DE MENGONG;MENGONG;MVILA;SUD
1717;ESALF7;MAIRIE DE MERI;MERI;DIAMARE;EXTREME-NORD
1718;ES3001;MAIRIE DE MESSAMENA;MESSAMENA;HAUT-NYONG;EST
1719;ES3101;MAIRIE DE MESSOK;MESSOK;HAUT-NYONG;EST
1720;SU2801;MAIRIE DE MEYOMESSALA;MEYOMESSALA;DJA ET LOBO;SUD
1721;SU2901;MAIRIE DE MEYOMESSI;MEYOMESSI;DJA ET LOBO;SUD
1722;EN4001;MAIRIE DE MINDIF;MINDIF;MAYO-KANI;EXTREME-NORD
1723;ES3201;MAIRIE DE MINDOUROU;MINDOUROU;HAUT-NYONG;EST
1724;SU3001;MAIRIE DE MINTOM;MINTOM;DJA ET LOBO;SUD
1725;EN4101;MAIRIE DE MOGODE;MOGODE;MAYO-TSANAGA;EXTREME-NORD
1726;EN4201;MAIRIE DE MOKOLO;MOKOLO;MAYO-TSANAGA;EXTREME-NORD
1727;ES3301;MAIRIE DE MOLOUNDOU;MOULOUNDO;BOUMBA ET NGOKO;EST
1728;LT2901;MAIRIE DE MOMBO;MOMBO;MOUNGO;LITTORAL
1729;EN4301;MAIRIE DE MORA;MORA;MAYO-SAVA;EXTREME-NORD
1730;LT3001;MAIRIE DE MOUANKO;MOUANKO;SANAGA-MARITIME;LITTORAL
1731;EN4401;MAIRIE DE MOULVOUDAYE;MOULVOUDAYE;MAYO-KANI;EXTREME-NORD
1732;EN4501;MAIRIE DE MOUTOURWA;MOUTOURWA;MAYO-KANI;EXTREME-NORD
1733;SU3101;MAIRIE DE MVANGAN;MVANGAN;MVILA;SUD
1734;SU3201;MAIRIE DE MVENGUE;MVENGUE;OCEAN;SUD
1735;ES3401;MAIRIE DE NDELELE;NDELELE;KADEY;EST
1736;LT3101;MAIRIE DE NDOBIAN;NDOBIAN;NKAM;LITTORAL
1737;LT3201;MAIRIE DE NDOM;NDOM;SANAGA-MARITIME;LITTORAL
1738;EN4701;MAIRIE DE NDOUKOULA;NDOUKOULA;DIAMARE;EXTREME-NORD
1739;LT3301;MAIRIE DE NGAMBE;NGAMBE;SANAGA-MARITIME;LITTORAL
1740;AD2201;MAIRIE DE NGANHA;NGANHA;VINA;ADAMAOUA
1741;AD2301;MAIRIE DE NGAOUI;NGAOUI;MBERE;ADAMAOUA
1742;AD2401;MAIRIE DE NGAOUNDAL;NGAOUNDAL;DJEREM;ADAMAOUA
1743;AD2501;MAIRIE DE NGAOUNDERE IER;NGAOUNDERE I;VINA;ADAMAOUA
1744;AD2601;MAIRIE DE NGAOUNDERE IIE;NGAOUNDERE II;VINA;ADAMAOUA
1745;AD2701;MAIRIE DE NGAOUNDERE IIIE;NGAOUNDERE III;VINA;ADAMAOUA
1746;NO1401;MAIRIE DE NGONG;NGONG;BENOUE;NORD
1747;SU3301;MAIRIE DE NGOULEMAKONG;NGOULEMAKONG;MVILA;SUD
1748;ES3501;MAIRIE DE NGOURA;NGOURA;LOM ET DJEREM;EST
1749;ES3601;MAIRIE DE NGOYLA;NGOYLA;HAUT-NYONG;EST
1750;ES3701;MAIRIE DE NGUELEBOK;NGUELEBOK;KADEY;EST
1751;ES3801;MAIRIE DE NGUELEMENDOUGA;NGUELEMENDOUGA;HAUT-NYONG;EST
1752;LT3401;MAIRIE DE NGWEI;NGWEI;SANAGA-MARITIME;LITTORAL
1753;OU4501;MAIRIE DE NJIMOM;NJIMOM;NOUN;OUEST
1754;LT3601;MAIRIE DE NKONDJOCK;NKONDJOCK;NKAM;LITTORAL
1755;LT3701;MAIRIE DE NKONGSAMBA I;NKONGSAMBA I;MOUNGO;LITTORAL
1756;LT3801;MAIRIE DE NKONGSAMBA II;NKONGSAMBA II;MOUNGO;LITTORAL
1757;LT3901;MAIRIE DE NKONGSAMBA III;NKONGSAMBA III;MOUNGO;LITTORAL
1758;OUAL02;MAIRIE DE NKONG-ZEM;NKONG-NI;MENOUA;OUEST
1759;AD2801;MAIRIE DE NYAMBAKA;NYAMBAKA;VINA;ADAMAOUA
1760;LT4001;MAIRIE DE NYANON;NYANON;SANAGA-MARITIME;LITTORAL
1761;SU3401;MAIRIE DE NYETE;NYETE;OCEAN;SUD
1762;LT3501;MAIRIE DE PENJA;PENJA;MOUNGO;LITTORAL
1763;OU4701;MAIRIE DE PENKA-MICHEL;PENKA-MICHEL;MENOUA;OUEST
1764;EN4801;MAIRIE DE PETTE;PETTE;DIAMARE;EXTREME-NORD
1765;NO2601;MAIRIE DE POLI;POLI;FARO;NORD
1766;LT4101;MAIRIE DE POUMA;POUMA;SANAGA-MARITIME;LITTORAL
1767;CE7001;MAIRIE DE SA'A;SA'A;LEKIE;CENTRE
1768;ES4001;MAIRIE DE SALALPOUMBE;SALAPOUMBE;BOUMBA ET NGOKO;EST
1769;SU3701;MAIRIE DE SANGMELIMA;SANGMELIMA;DJA ET LOBO;SUD
1770;OU4801;MAIRIE DE SANTCHOU;SANTCHOU;MENOUA;OUEST
1771;ES4101;MAIRIE DE SOMALOMO;NGUELEMENDOUGA;HAUT-NYONG;EST
1772;EN4901;MAIRIE DE SOULEDE-ROUA;SOULEDE-ROUA;MAYO-TSANAGA;EXTREME-NORD
1773;EN5001;MAIRIE DE TCHATIBALI;TCHATIBALI;MAYO-DANAY;EXTREME-NORD
1774;NO2801;MAIRIE DE TCHOLLIRE;TCHOLLIRE;MAYO REY;NORD
1775;AD2901;MAIRIE DE TIBATI;TIBATI;DJEREM;ADAMAOUA
1776;AD3001;MAIRIE DE TIGNERE;TIGNERE;FARO ET DEO;ADAMAOUA
1777;EN5101;MAIRIE DE TOKOMBERE;TOKOMBERE;MAYO-SAVA;EXTREME-NORD
1778;OU4901;MAIRIE DE TONGA;TONGA;MIFI;OUEST
1779;NO2901;MAIRIE DE TOUBORO;TOUBORO;MAYO-REY;NORD
1780;EN5201;MAIRIE DE TOULOUM;TOULOUM;MAYO-KANI;EXTREME-NORD
1781;NO3001;MAIRIE DE TOUROUA;TOUROUA;BENOUE;NORD
1782;OU0100;MAIRIE DE VILLE;BAFOUSSAM I;MIFI;OUEST
1783;EN5301;MAIRIE DE WAZA;WAZA;DIAMARE;EXTREME-NORD
1784;EN5401;MAIRIE DE WINA;WINA;MAYO-DANAY;EXTREME-NORD
1785;LT4201;MAIRIE DE YABASSI;YABASSI;NKAM;LITTORAL
1786;EN5501;MAIRIE DE YAGOUA;YAGOUA;MAYO-DANAY;EXTREME-NORD
1787;CE7201;MAIRIE DE YAOUNDE I;YAOUNDE I;MFOUNDI;CENTRE
1788;CE7301;MAIRIE DE YAOUNDE II;YAOUNDE II;MFOUNDI;CENTRE
1789;LT4301;MAIRIE DE YINGUI;YINGUI;NKAM;LITTORAL
1790;ES4201;MAIRIE DE YOKADOUMA;YOKADOUMA;BOUMBA ET NGOKO;EST
1791;EN5601;MAIRIE DE ZINA;ZINA;DIAMARE;EXTREME-NORD
1792;SU3801;MAIRIE DE ZOETELE;ZOETELE;DJA ET LOBO;SUD
1793;CE2701;MAIRIE D'EBEBDA;EBEBDA;LEKIE;CENTRE
1794;SU1801;MAIRIE D'EBOLOWA IER;EBOLOWA IER;MVILA;SUD
1795;SU1901;MAIRIE D'EBOLOWA IIEME;EBOLOWA II EME;MVILA;SUD
1796;SU2001;MAIRIE D'EFOULANE;EFOULANE;MVILA;SUD
1797;CE2901;MAIRIE D'ELIG-MFOMO;ELIG-MFOMO;LEKIE;CENTRE
1798;CE3301;MAIRIE D'EVODOULA;EVOUDOULA;LEKIE;CENTRE
1799;CE6601;MAIRIE D'OBALA;OBALA;LEKIE;CENTRE
1800;CE6701;MAIRIE D'OKOLA;OKOLA;LEKIE;CENTRE
1801;SU3501;MAIRIE D'OLAMZE;OLAMZE;VALLEE DU NTEM;SUD
1802;SU3601;MAIRIE D'OVENG;OVENG;DJA ET LOBO;SUD
1803;NO1701;MAIRIE GAROUA III;GAROUA III;BENOUE;NORD
1804;CE7801;MAIRIE YAOUNDE VII;YAOUNDE VII;MFOUNDI;CENTRE
1805;CEAL43;MAKAI;NGOG MAPOUBI;NYONG ET KELLE;CENTRE
1806;ES4104;MAKAK-DJEUL;SOMALOMO;HAUT-NYONG;EST
1807;LT4103;MAKAK-LOGBAKO;POUMA;SANAGA-MARITIME;LITTORAL
1808;LT4104;MAKAK-NDOKOMA;POUMA;SANAGA-MARITIME;LITTORAL
1809;CE2506;MAKEK;DIBANG;NYONG ET KELLE;CENTRE
1810;CE4003;MAKENENE CENTRE;MAKENENE;MBAM ET INOUBOU;CENTRE
1811;CE4004;MAKENENE PLATEAU ADMINISTRATIF;MAKENENE;MBAM ET INOUBOU;CENTRE
1812;LT1902;MAKEPE BONAMOUSSADI;DOUALA V;WOURI;LITTORAL
1813;LT1903;MAKEPE I MISSOKE;DOUALA V;WOURI;LITTORAL
1814;LT1920;MAKEPE RHONE-POULENC;DOUALA V;WOURI;LITTORAL
1815;LT1919;MAKEPE TERMINUS;DOUALA V;WOURI;LITTORAL
1816;EN5103;MAKILINGAI;TOKOMBERE;MAYO-SAVA;EXTREME-NORD
1817;OU4304;MAKOM;MASSANGAM;NOUN;OUEST
1818;LT3236;MAKONDO;NGWEI;SANAGA-MARITIME;LITTORAL
1819;ADAL01;MAKOR SAMAKI;MARTAP;VINA;ADAMAOUA
1820;CE4807;MAKOT;MESSONDO;NYONG ET KELLE;CENTRE
1821;OUAL19;MAKOUETVU;NJIMOM;NOUN;OUEST
1822;OU4210;MAKOUP;MALENTOUEN;NOUN;OUEST
1823;CE7905;MAKOURI;YOKO;MBAM ET KIM;CENTRE
1824;EN4803;MALAM-PETEL;PETTE;DIAMARE;EXTREME-NORD
1825;OU4305;MALANDEN;MASSANGAM;NOUN;OUEST
1826;AD2705;MALANG;NGAOUNDERE III;VINA;ADAMAOUA
1827;ES3508;MALEWA KADEY;NGOURA;LOM ET DJEREM;EST
1828;OU4209;MALIEN;MALENTOUEN;NOUN;OUEST
1829;EN4311;MALIKA;MORA;MAYO-SAVA;EXTREME-NORD
1830;LTALF5;MALIMBA II;EDEA II;SANAGA-MARITIME;LITTORAL
1831;OU4306;MALOUM;MASSANGAM;NOUN;OUEST
1832;EN3522;MALTAM;MAKARY;DIAMARE;EXTREME-NORD
1833;LT1804;MAMBANDA;DOUALA IV;WOURI;LITTORAL
1834;CE3918;MAMBANDO;MAKAK;NYONG ET KELLE;CENTRE
1835;ES1408;MAMBAYA;BELABO;LOM ET DJEREM;EST
1836;NW1304;MAMBU-BAFUT;BAFUT;MEZAM;NORTH-WEST
1837;SW3001;MAMFE COUNCIL;MAMFE;MANYU;SUD-OUEST
1838;OU4307;MAMOGNAM;MASSANGAM;NOUN;OUEST
1839;OU4006;MAMOVOUE;KOUTABA;NOUN;OUEST
1840;EN3523;MANAWADJI;MAKARY;DIAMARE;EXTREME-NORD
1841;OU4308;MANCHA;MASSANGAM;NOUN;OUEST
1842;OU4102;MANDA;MAGBA;NOUN;OUEST
1843;OU4205;MANDINGA PLATEAU;MALENTOUEN;NOUN;OUEST
1844;OU4204;MANDINGA-CHEFFERIE;MALENTOUEN;NOUN;OUEST
1845;CE5903;MANDJANDJANG;NGUIBASSAL;NYONG ET KELLE;CENTRE
1846;CE2507;MANDJAP;DIBANG;NYONG ET KELLE;CENTRE
1847;LT3404;MANDJAP;NGWEI;SANAGA-MARITIME;LITTORAL
1848;ESAL51;MANDJOU VILLE;MANDJOU;LOM ET DJEREM;EST
1849;CE4103;MANDOUMBA;MATOMB;NYONG ET KELLE;CENTRE
1850;AD1707;MANDOUROU-HAMADJODA;MARTAP;VINA;ADAMAOUA
1851;LT2103;MANEGOUBA;EBONE;MOUNGO;LITTORAL
1852;CE7027;MANELON;SA'A;LEKIE;CENTRE
1853;LT2502;MANEMGOTENG;MANJO;MOUNGO;LITTORAL
1854;LT2104;MANENGOLE;EBONE;MOUNGO;LITTORAL
1855;ES4207;MANG;YOKADOUMA;BOUMBA ET NGOKO;EST
1856;ENALF9;MANGA;KAI-KAI;MAYO-DANAY;EXTREME-NORD
1857;CE7906;MANGAI;YOKO;MBAM ET KIM;CENTRE
1858;LT2105;MANGAMBA;EBONE;MOUNGO;LITTORAL
1859;CE5904;MANGANGA;NGUIBASSAL;NYONG ET KELLE;CENTRE
1860;CE5406;MANGBLANG;NGAMBE TIKAR;MBAM ET KIM;CENTRE
1861;AD2804;MANGOLI;NYAMBAKA;VINA;ADAMAOUA
1862;AD2804;MANGOM;NYAMBAKA;VINA;ADAMAOUA
1863;OU4206;MANGUEMBOU;MALENTOUEN;NOUN;OUEST
1864;CE2308;MANGUENDA II;BOT MAKAK;NYONG ET KELLE;CENTRE
1865;OU4103;MANKA;MAGBA;NOUN;OUEST
1866;CE7907;MANKIM;YOKO;MBAM ET KIM;CENTRE
1867;NW2502;MANKON HEALTH CENTER;BAMENDA II;MEZAM;NORTH-WEST
1868;OU4309;MANKOUOMBI;MASSANGAM;NOUN;OUEST
1869;LT2807;MANKWA;MELONG;MOUNGO;LITTORAL
1870;OU4310;MANSOUEN-FOYOUOM;MASSANGAM;NOUN;OUEST
1871;CE5408;MANSOUH;NGAMBE TIKAR;MBAM ET KIM;CENTRE
1872;LT2505;MANTEM;MANJO;MOUNGO;LITTORAL
1873;OU4207;MANTOUM;MALENTOUEN;NOUN;OUEST
1874;SW3505;MANYEMEN;NGUTI;KUPE / MUANENGUBA;SUD-OUEST
1875;ENAL70;MAOUDINE;MINDIF;MAYO-KANI;EXTREME-NORD
1876;ESAL45;MARARABA;BETARE-OYA;LOM ET DJEREM;EST
1877;EN4003;MARFAI;MINDIF;MAYO-KANI;EXTREME-NORD
1878;OU2101;MARIE DE BANGANGTE;BANGANGTE;MIFI;OUEST
1879;AD1401;MARIE DE DJOHONG;DJOHONG;MBERE;ADAMAOUA
1880;AD1708;MARTAP CHEFFERIE;MARTAP;VINA;ADAMAOUA
1881;EN1904;MASSA-GOUDOUEITA;GOBO;MAYO-DANAY;EXTREME-NORD
1882;EN1802;MASSAKAL;GAZAWA;DIAMARE;EXTREME-NORD
1883;EN3524;MASSAKI;MAKARY;DIAMARE;EXTREME-NORD
1884;OU4208;MASSASSA;MALENTOUEN;NOUN;OUEST
1885;ES4208;MASSEA;YOKADOUMA;BOUMBA ET NGOKO;EST
1886;ENALF8;MASS-GAYA;YAGOUA;MAYO-DANAY;EXTREME-NORD
1887;ES4103;MASSIEL (ALOUMA);SOMALOMO;HAUT-NYONG;EST
1888;LT3102;MASSOUMBOU VILLAGE;YABASSI;NKAM;LITTORAL
1889;EN4211;MATAKAM SUD;MOKOLO;MAYO-TSANAGA;EXTREME-NORD
1890;OU4311;MATOUFA;MASSANGAM;NOUN;OUEST
1891;OUAL17;MATOUPO;MALENTOUEN;NOUN;OUEST
1892;CE7908;MATSARI;YOKO;MBAM ET KIM;CENTRE
1893;AD1209;MAYO BADJI;BELEL;VINA;ADAMAOUA
1894;EN2504;MAYO KABBA;HINA;MAYO-TSANAGA;EXTREME-NORD
1895;NW3503;MAYO-BINKA;NKAMBE;DONGA-MANTUNG;NORTH-WEST
1896;AD1902;MAYO-DARLE CENTRE;MAYO-DARLE;MAYO-BANYO;ADAMAOUA
1897;AD1903;MAYO-DJINGA;MAYO-DARLE;MAYO-BANYO;ADAMAOUA
1898;AD1111;MAYO-KELELE;BANYO;MAYO-BANYO;ADAMAOUA
1899;CE4104;MAYOS;MATOMB;NYONG ET KELLE;CENTRE
1900;ES1103;MAYOS;ANGOSSAS;HAUT-NYONG;EST
1901;CE3306;MBABANG II;EVOUDOULA;LEKIE;CENTRE
1902;CE4525;MBADOUMOU;MBANKOMO;MEFOU ET AKONO;CENTRE
1903;CE6110;MBAKA;NKOLAFAMBA;MEFOU ET AFAMBA;CENTRE
1904;CE1505;MBAKA;AYOS;NYONG ET MFOUMOU;CENTRE
1905;AD2904;MBAKAOU;TIBATI;DJEREM;ADAMAOUA
1906;ES1409;MBAKI II;BELABO;LOM ET DJEREM;EST
1907;CE6613;MBAKOMO;OBALA;LEKIE;CENTRE
1908;NW1307;MBAKONG;BAFUT;MEZAM;NORTH-WEST
1909;ES3603;MBALAM I;NGOYLA;HAUT-NYONG;EST
1910;ES3604;MBALAM II;NGOYLA;HAUT-NYONG;EST
1911;AD2203;MBALANG SANGA;NGANHA;VINA;ADAMAOUA
1912;CE5813;MBALELON I;NGOUMOU;MEFOU ET AKONO;CENTRE
1913;CE7204;MBALLA IV;YAOUNDE I;MFOUNDI;CENTRE
1914;LT1402;MBALMAYO DIZANGUE;DIZANGUE;SANAGA-MARITIME;LITTORAL
1915;CE4515;MBALNGONG;MBANKOMO;MEFOU ET AKONO;CENTRE
1916;CE4523;MBALNGONG SUD;MBANKOMO;MEFOU ET AKONO;CENTRE
1917;NW2204;MBAM;OKU;BUI;NORTH-WEST
1918;ES2808;MBAMA;MBANG;KADEY;EST
1919;ES1410;MBAMBO;BELABO;LOM ET DJEREM;EST
1920;NW3704;MBAM-NSO;NKUM;BUI;NORTH-WEST
1921;AD1104;MBAMTI DJOUMBARE;BANYO;MAYO-BANYO;ADAMAOUA
1922;AD1105;MBAMTI KATARKO;BANYO;MAYO-BANYO;ADAMAOUA
1923;CE7008;MBAN;SA'A;LEKIE;CENTRE
1924;CE2309;MBANDA;BOT MAKAK;NYONG ET KELLE;CENTRE
1925;LT2205;MBANDA;EDEA I;SANAGA-MARITIME;LITTORAL
1926;LT4206;MBANDEM-RIVE DROITE;YABASSI;NKAM;LITTORAL
1927;LT3606;MBANG;NKONDJOCK;NKAM;LITTORAL
1928;CE2610;MBANGA;DZENG;NYONG ET SO'O;CENTRE
1929;AD2204;MBANG-FOULBE;NGANHA;VINA;ADAMAOUA
1930;AD2205;MBANG-MBOUM;NGANHA;VINA;ADAMAOUA
1931;AD1906;MBANGUERI;MAYO-DARLE;MAYO-BANYO;ADAMAOUA
1932;EN1803;MBANKARA;GAZAWA;DIAMARE;EXTREME-NORD
1933;CE4522;MBANKOMO VILLAGE;MBANKOMO;MEFOU ET AKONO;CENTRE
1934;CE7107;MBANSAN I;SOA;MEFOU ET AFAMBA;CENTRE
1935;LT1905;MBANYA PAYS -BAS;DOUALA V;WOURI;LITTORAL
1936;AD2110;MBARANG;MEIGANGA;MBERE;ADAMAOUA
1937;AD2111;MBARANG II;MEIGANGA;MBERE;ADAMAOUA
1938;CE5002;MBARGUE;MINTA;HAUTE SANAGA;CENTRE
1939;CE7909;MBATOUA;YOKO;MBAM ET KIM;CENTRE
1940;CE4506;MBAYENGUE I;MBANKOMO;MEFOU ET AKONO;CENTRE
1941;CE2310;MBEBE-KIKOT;BOT MAKAK;NYONG ET KELLE;CENTRE
1942;AD2005;MBE-CENTRE;MBE;VINA;ADAMAOUA
1943;CE6614;MBELE I;OBALA;LEKIE;CENTRE
1944;AD2905;MBELLA-ASSOM;TIBATI;DJEREM;ADAMAOUA
1945;NW1406;MBELUH;BALI;MEZAM;NORTH-WEST
1946;OU2011;MBEMTUM;BANGOU;KOUNG KHI;OUEST
1947;CE3907;MBENG;MAKAK;NYONG ET KELLE;CENTRE
1948;CE5609;MBENG;NGOMEDZAP;NYONG ET SO'O;CENTRE
1949;OU4627;MBENG;NKONG-NI;MENOUA;OUEST
1950;CE4820;MBENGA;MESSONDO;NYONG ET KELLE;CENTRE
1951;NW2805;MBENGEGHENG;MBENGWI;MOMO;NORTH-WEST
1952;CE4808;MBENGUE;MESSONDO;NYONG ET KELLE;CENTRE
1953;LT1906;MBENGUE CITY;DOUALA V;WOURI;LITTORAL
1954;ES3902;MBENGUE-TIKO;MBOTORO-OULI;KADEY;EST
1955;NW2801;MBENGWI COUNCIL;MBENGWI;MOMO;NORTH-WEST
1956;NW2405;MBENKAS;FUNDONG;BOYO;NORTH-WEST
1957;AD2707;MBERE MAGOINANG;NYAMBAKA;VINA;ADAMAOUA
1958;NW3404;MBESINAKU;NJINIKUM;BOYO;NORTH-WEST
1959;NW2005;MBESSA;BELO;BOYO;NORTH-WEST
1960;ES1805;MBETH II;DIANG;LOM ET DJEREM;EST
1961;ES2203;MBIALI;GARI-GOMBO;BOUMBA ET NGOKO;EST
1962;LT3104;MBIAM;NDOBIAN;NKAM;LITTORAL
1963;NW2901;MBIAME COUNCIL;MVEN;BUI;NORTH-WEST
1964;OU2012;MBIENG;BANGOU;KOUNG KHI;OUEST
1965;ES2403;MBILE I;KENTZOU;KADEY;EST
1966;LT1403;MBIMBE-NDONGA;DIZANGUE;SANAGA-MARITIME;LITTORAL
1967;SW3203;MBINDIA;FONTEM;LEBIALEM;SUD-OUEST
1968;OU3409;MBING;FONGO TONGO;MENOUA;OUEST
1969;NW3604;MBINON;NONI;BUI;NORTH-WEST
1970;ESAL46;MBITOM;BETARE-OYA;LOM ET DJEREM;EST
1971;NW3203;MBIYEH;NDU;DONGA-MANTUNG;NORTH-WEST
1972;OU3808;MBOEBO;KEKEM;HAUT NKAM;OUEST
1973;CE3908;MBOGLOM;MAKAK;NYONG ET KELLE;CENTRE
1974;LT2808;MBOKAMBO;MELONG;MOUNGO;LITTORAL
1975;ES4209;MBOL I2;YOKADOUMA;BOUMBA ET NGOKO;EST
1976;ES3406;MBONDOUA;NDELELE;KADEY;EST
1977;ES2305;MBONGA;GAROUA-BOULAI;LOM ET DJEREM;EST
1978;SW3101;MBONGE COUNCIL;MBONGE;MEME;SUD-OUEST
1979;NW3204;MBONGONG;NDU;DONGA-MANTUNG;NORTH-WEST
1980;LT1107;MBONJO I;BONALEA;MOUNGO;LITTORAL
1981;NW3504;MBORT COURT;NKAMBE;DONGA-MANTUNG;NORTH-WEST
1982;CE6615;MBOUA II;OBALA;LEKIE;CENTRE
1983;LT2809;MBOUASSOUM;MELONG;MOUNGO;LITTORAL
1984;CE4809;MBOUI;MESSONDO;NYONG ET KELLE;CENTRE
1985;AD2112;MBOULA;MEIGANGA;MBERE;ADAMAOUA
1986;ES1307;MBOUNOU;BATOURI;KADEY;EST
1987;OU2013;MBOUO;BANGOU;KOUNG KHI;OUEST
1988;LT2810;MBOUROUKOU;MELONG;MOUNGO;LITTORAL
1989;ES2204;MBOUTOUNDOU;GARI-GOMBO;BOUMBA ET NGOKO;EST
1990;EN3909;MBOZO;MERI;DIAMARE;EXTREME-NORD
1991;NW1407;MBUFUNG;BALI;MEZAM;NORTH-WEST
1992;SW1003;MBULU;AKWAYA;MANYU;SUD-OUEST
1993;CE5003;MEBA/NGUEN;MINTA;HAUTE SANAGA;CENTRE
1994;CE1316;MEBANG I;AKONOLINGA;NYONG ET MFOUMOU;CENTRE
1995;CE2909;MEBOMO;ELIG-MFOMO;LEKIE;CENTRE
1996;CE5004;MEDALMBOM;MINTA;HAUTE SANAGA;CENTRE
1997;CE1317;MEDJAP;AKONOLINGA;NYONG ET MFOUMOU;CENTRE
1998;ES3202;MEDJOH;MINDOUROU;HAUT-NYONG;EST
1999;NW3605;MEE;NONI;BUI;NORTH-WEST
2000;CE4940;MEFAN;MFOU;MEFOU ET AFAMBA;CENTRE
2001;CE4507;MEFOMO;MBANKOMO;MEFOU ET AKONO;CENTRE
2002;CE4508;MEFOU-ASSI;MBANKOMO;MEFOU ET AKONO;CENTRE
2003;CE7910;MEGANG;YOKO;MBAM ET KIM;CENTRE
2004;OU3405;MEGUEU;FONGO TONGO;MENOUA;OUEST
2005;CE4929;MEHANDAN;MFOU;MEFOU ET AFAMBA;CENTRE
2006;CE6113;MEHANDAN I;NKOLAFAMBA;MEFOU ET AFAMBA;CENTRE
2007;EN4312;MEHE-SANDA;MORA;MAYO-SAVA;EXTREME-NORD
2008;AD2906;MEIDJAMBA;TIBATI;DJEREM;ADAMAOUA
2009;AD2113;MEIDOUGOU;MEIGANGA;MBERE;ADAMAOUA
2010;EN3525;MEIRAHA;MAKARY;DIAMARE;EXTREME-NORD
2011;NW2004;MEJANG;BELO;BOYO;NORTH-WEST
2012;OU4818;MEKET;SANTCHOU;MENOUA;OUEST
2013;OU4409;MEKIE BALATCHI;MBOUDA;BAMBOUTOS;OUEST
2014;CEAL13;MEKOE;MFOU;MEFOU ET AFAMBA;CENTRE
2015;CE1318;MEKOMO;AKONOLINGA;NYONG ET MFOUMOU;CENTRE
2016;CE4206;MEKOMO;MBALMAYO;NYONG ET SO'O;CENTRE
2017;CE5005;MEKON II;MINTA;HAUTE SANAGA;CENTRE
2018;CE6402;MEKONE I;NSEM;HAUTE SANAGA;CENTRE
2019;OU4625;MEKONG;NKONG-NI;MENOUA;OUEST
2020;CE7406;MEKOUMBOU I;YAOUNDE III;MFOUNDI;CENTRE
2021;CE1319;MELANESOMBO;AKONOLINGA;NYONG ET MFOUMOU;CENTRE
2022;CE7516;MELEN I;YAOUNDE IV;MFOUNDI;CENTRE
2023;CEAL36;MELEN I;YAOUNDE VI;MFOUNDI;CENTRE
2024;OU4807;MELEU;SANTCHOU;MENOUA;OUEST
2025;EN4313;MEME;MORA;MAYO-SAVA;EXTREME-NORD
2026;CE1904;MENDONG;BIKOK;MEFOU ET AKONO;CENTRE
2027;CE4927;MENDONG II;MFOU;MEFOU ET AFAMBA;CENTRE
2028;ES4210;MENDOUGUE;YOKADOUMA;BOUMBA ET NGOKO;EST
2029;OU3707;MENFOUNG;GALIM;BAMBOUTOS;OUEST
2030;CE5206;MENGA'A;NANGA-EBOGO;HAUTE SANAGA;CENTRE
2031;CE4608;MENGANG-CENTRE;MENGANG;NYONG ET MFOUMOU;CENTRE
2032;CE5207;MENGOA;NANGA-EBOGO;HAUTE SANAGA;CENTRE
2033;CE7009;MENGON;SA'A;LEKIE;CENTRE
2034;CE5214;MENGONDE;NANGA-EBOGO;HAUTE SANAGA;CENTRE
2035;CE3804;MENGUEK I;LOBO;LEKIE;CENTRE
2036;CE3207;MENGUEME;ESSE;MEFOU ET AFAMBA;CENTRE
2037;CE4707;MENGUEME;MENGUEME;NYONG ET SO'O;CENTRE
2038;CE1320;MENGUEME-SI;AKONOLINGA;NYONG ET MFOUMOU;CENTRE
2039;SW3201;MENJI COUNCIL;FONTEM;LEBIALEM;SUD-OUEST
2040;NW3906;MENKA-BUSHI;SANTA;MEZAM;NORTH-WEST
2041;EN3604;MESKINE;MAROUA I;DIAMARE;EXTREME-NORD
2042;CE7304;MESSA NKOA BA'A;YAOUNDE II;MFOUNDI;CENTRE
2043;CE6616;MESSANGA;OBALA;LEKIE;CENTRE
2044;CE4909;MESSENG;MFOU;MEFOU ET AFAMBA;CENTRE
2045;CEALF2;METEP;BIBEY;HAUTE SANAGA;CENTRE
2046;CEALF55;METET-CENTRE;NKOLMETET;NYONG ET SO'O;CENTRE
2047;OU2713;METIO;BATCHAM;BAMBOUTOS;OUEST
2048;CE1321;METONDOK;AKONOLINGA;NYONG ET MFOUMOU;CENTRE
2049;OU3708;MEVOBO;GALIM;BAMBOUTOS;OUEST
2050;CE7704;MEWOULOU;YAOUNDE VI;MFOUNDI;CENTRE
2051;CE3008;MEWOUT;ENDOM;NYONG ET MFOUMOU;CENTRE
2052;CE3009;MEYEMAYA;ENDOM;NYONG ET MFOUMOU;CENTRE
2053;CE3703;MEYETTE;LEMBE-YEZOUM;HAUTE SANAGA;CENTRE
2054;CE1905;MEYILA;BIKOK;MEFOU ET AKONO;CENTRE
2055;CE1415;MEYO;AWAE;MEFOU ET AFAMBA;CENTRE
2056;CE7503;MEYO;YAOUNDE IV;MFOUNDI;CENTRE
2057;CE3307;MEYOS;EVOUDOULA;LEKIE;CENTRE
2058;CEAL22;MEYOS;SOA;MEFOU ET AFAMBA;CENTRE
2059;CE3704;MEZA'A;LEMBE-YEZOUM;HAUTE SANAGA;CENTRE
2060;CE4706;MFIDA;MENGUEME;NYONG ET SO'O;CENTRE
2061;CE1202;MFIDA I;AKONO;MEFOU ET AKONO;CENTRE
2062;CEAL11;MFIDA I;MFOU;MEFOU ET AFAMBA;CENTRE
2063;CEAL23;MFOU -ASSAMBA;ASSAMBA;MEFOU ET AFAMBA;CENTRE
2064;CEAL14;MFOU-VILLAGE;MFOU;MEFOU ET AFAMBA;CENTRE
2065;ES3806;MIAMBO;NGUELEMENDOUGA;HAUT-NYONG;EST
2066;LT1104;MIANG;BONALEA;MOUNGO;LITTORAL
2067;ENAL69;MIDJIL;KAELE;MAYO-KANI;EXTREME-NORD
2068;EN2607;MIDJIVING CENTRE;KAELE;MAYO-KANI;EXTREME-NORD
2069;EN4903;MIDRE;SOULEDE-ROUA;MAYO-TSANAGA;EXTREME-NORD
2070;CEALF51;MIENDI;MENGANG;NYONG ET MFOUMOU;CENTRE
2071;ES4005;MIKEL;SALAPOUMBE;BOUMBA ET NGOKO;EST
2072;LT4307;MILOMBE;NDOBIAN;NKAM;LITTORAL
2073;CE7504;MIMBOMAN I SUD;YAOUNDE IV;MFOUNDI;CENTRE
2074;CE7505;MIMBOMAN III;YAOUNDE IV;MFOUNDI;CENTRE
2075;CE7506;MIMBOMAN IV;YAOUNDE IV;MFOUNDI;CENTRE
2076;ES3407;MINDOUROU;NDELELE;KADEY;EST
2077;ES3203;MINDOUROU VILLE;MINDOUROU;HAUT-NYONG;EST
2078;EN4209;MINGLIA;MOKOLO;MAYO-TSANAGA;EXTREME-NORD
2079;AD2907;MINIM;TIBATI;DJEREM;ADAMAOUA
2080;OU4617;MINKA-BALEVENG;NKONG-NI;MENOUA;OUEST
2081;CE6617;MINKAMA;OBALA;LEKIE;CENTRE
2082;CE3909;MINKOTMBEM;MAKAK;NYONG ET KELLE;CENTRE
2083;CE4703;MINLABA;MENGUEME;NYONG ET SO'O;CENTRE
2084;CE6713;MINSO I;OKOLA;LEKIE;CENTRE
2085;CE2311;MINTABA;BOT MAKAK;NYONG ET KELLE;CENTRE
2086;CE3104;MINTANYE;ESEKA;NYONG ET KELLE;CENTRE
2087;CEALF5;MINTOTOMO;OKOLA;LEKIE;CENTRE
2088;NW3001;MISAJE COUNCIL;MISAJE;DONGA-MANTUNG;NORTH-WEST
2089;EN1804;MIZILING;GAZAWA;DIAMARE;EXTREME-NORD
2090;NW4207;MMEN;FONGUM;MENCUM;NORTH-WEST
2091;SW4006;MMOUCK IETEH;WABANE;LEBIALEM;SUD-OUEST
2092;SW1104;MMOUCKBIE;ALOU;LEBIALEM;SUD-OUEST
2093;SW1105;MMOUCKIGIE ALIAS MMUOCKFOSSIMONDI;ALOU;LEBIALEM;SUD-OUEST
2094;ES4211;MOAMPACK;YOKADOUMA;BOUMBA ET NGOKO;EST
2095;NW4208;MODELLE;MENCHUM VALLEY;MENCUM;NORTH-WEST
2096;EN4004;MODJOMBODI;MINDIF;MAYO-KANI;EXTREME-NORD
2097;EN3208;MODOKO;KOZA;MAYO-TSANAGA;EXTREME-NORD
2098;EN2906;MOGOM;KAR HAY;MAYO-DANAY;EXTREME-NORD
2099;EN4005;MOGOME;MINDIF;MAYO-KANI;EXTREME-NORD
2100;EN4210;MOKOLA;MOKOLO;MAYO-TSANAGA;EXTREME-NORD
2101;EN4212;MOKONG;MOKOLO;MAYO-TSANAGA;EXTREME-NORD
2102;OU4808;MOKOP;SANTCHOU;MENOUA;OUEST
2103;CE3910;MOM;MAKAK;NYONG ET KELLE;CENTRE
2104;LT2705;MOMBO;MOMBO;MOUNGO;LITTORAL
2105;CE2508;MOM-DIBANG;DIBANG;NYONG ET KELLE;CENTRE
2106;CE1404;MOMEBELENGA;AWAE;MEFOU ET AFAMBA;CENTRE
2107;OU3606;MOMO;FOUMBOT;NOUN;OUEST
2108;ES2205;MOMZOPIA;GARI-GOMBO;BOUMBA ET NGOKO;EST
2109;CE5101;MONATELE;MONATELE;LEKIE;CENTRE
2110;CE5104;MONATELE II;MONATELE;LEKIE;CENTRE
2111;ESAL47;MONAY;BETARE-OYA;LOM ET DJEREM;EST
2112;ES3306;MONGO-KELLE;MOULOUNDO;BOUMBA ET NGOKO;EST
2113;ES4212;MOPOUO;YOKADOUMA;BOUMBA ET NGOKO;EST
2114;EN4314;MORA MASSIF;MORA;MAYO-SAVA;EXTREME-NORD
2115;EN1119;MORORO;BOGO;DIAMARE;EXTREME-NORD
2116;EN4614;MOSKOTA;MAYO MOSKOTA;MAYO-TSANAGA;EXTREME-NORD
2117;LT2812;MOUANGUEL I;MELONG;MOUNGO;LITTORAL
2118;ENAL68;MOUDA;MOUTOURWA;MAYO-KANI;EXTREME-NORD
2119;EN4213;MOUFOU-SUD;MOKOLO;MAYO-TSANAGA;EXTREME-NORD
2120;EN4214;MOUFTOUM;MOKOLO;MAYO-TSANAGA;EXTREME-NORD
2121;CE3406;MOUKO;KIIKI;MBAM ET INOUBOU;CENTRE
2122;EN4319;MOUKTELE-ZOUELVA;MORA;MAYO-SAVA;EXTREME-NORD
2123;EN2505;MOULDAR;HINA;MAYO-TSANAGA;EXTREME-NORD
2124;EN4609;MOULDOGOUA;MAYO MOSKOTA;MAYO-TSANAGA;EXTREME-NORD
2125;LT3003;MOULONGO;MOUANKO;SANAGA-MARITIME;LITTORAL
2126;ENAL67;MOURDAS;HILE ALIFA;DIAMARE;EXTREME-NORD
2127;EN4603;MOUSSARI;MAYO MOSKOTA;MAYO-TSANAGA;EXTREME-NORD
2128;ES2103;MOUTCHEBOUM;DOUME;HAUT-NYONG;EST
2129;EN3210;MOUTCHTIKAR;KOZA;MAYO-TSANAGA;EXTREME-NORD
2130;EN5104;MOUYENGUE;TOKOMBERE;MAYO-SAVA;EXTREME-NORD
2131;LT3105;MOYA;NDOBIAN;NKAM;LITTORAL
2132;EN4610;MOZOGO SECONDAIRE;MAYO MOSKOTA;MAYO-TSANAGA;EXTREME-NORD
2133;LT1004;MPAKA BARE MBENG;BARE;MOUNGO;LITTORAL
2134;ES4213;MPARO;YOKADOUMA;BOUMBA ET NGOKO;EST
2135;ES1003;MPEMZOK;ABONG-MBANG;HAUT-NYONG;EST
2136;ES1104;MPOUNDOU;ANGOSSAS;HAUT-NYONG;EST
2137;SW1308;MUABI-NHIA;BANGEM;KUPE / MUANENGUBA;SUD-OUEST
2138;OUALF0;MUBIN;BAMENDJOU;HAUTS PLATEAUX;OUEST
2139;SW3602;MUDEKA;TIKO;FAKO;SUD-OUEST
2140;SW1405;MUEA;BUEA;FAKO;SUD-OUEST
2141;SW1309;MUEBAH;BANGEM;KUPE / MUANENGUBA;SUD-OUEST
2142;SW1310;MUEBAH-NNINONG;BANGEM;KUPE / MUANENGUBA;SUD-OUEST
2143;SW1311;MUEBONG;BANGEM;KUPE / MUANENGUBA;SUD-OUEST
2144;NW3405;MUENI;NJINIKUM;BOYO;NORTH-WEST
2145;SW2606;MUKONJE;KUMBA III;MEME;SUD-OUEST
2146;NW3406;MULOIN;NJINIKUM;BOYO;NORTH-WEST
2147;SW3301;MUNDEMBA COUNCIL;KOMBO-ITINDI;NDIAN;SUD-OUEST
2148;NW1305;MUNDUM;BAFUT;MEZAM;NORTH-WEST
2149;SW3506;MUNGO NDOR;NGUTI;KUPE / MUANENGUBA;SUD-OUEST
2150;SW3603;MUTENGENE;TIKO;FAKO;SUD-OUEST
2151;SW3401;MUYUKA COUNCIL;MUYUKA;FAKO;SUD-OUEST
2152;CE6714;MVA'A I;OKOLA;LEKIE;CENTRE
2153;ES3807;MVANDA ROUTE;NGUELEMENDOUGA;HAUT-NYONG;EST
2154;CE1409;MVE I;AWAE;MEFOU ET AFAMBA;CENTRE
2155;CE3705;MVEBEKONE;LEMBE-YEZOUM;HAUTE SANAGA;CENTRE
2156;OU3105;MVEULE;DJEBEM;KOUNG KHI;OUEST
2157;CE1906;MVOUNKENG;BIKOK;MEFOU ET AKONO;CENTRE
2158;AD1410;NABEMO;DJOHONG;MBERE;ADAMAOUA
2159;CE6503;NACHTIGAL;NTUI;MBAM ET KIM;CENTRE
2160;ES1308;NADEGBE;BATOURI;KADEY;EST
2161;EN2004;NADJE;GOULFEY;DIAMARE;EXTREME-NORD
2162;EN1308;NAGA’A;DARAK;DIAMARE;EXTREME-NORD
2163;NW1408;NAKA;BALI;MEZAM;NORTH-WEST
2164;LT2506;NAMBA;MANJO;MOUNGO;LITTORAL
2165;ES4214;NAMPELLA;YOKADOUMA;BOUMBA ET NGOKO;EST
2166;ES2306;NANDONGUE;GAROUA-BOULAI;LOM ET DJEREM;EST
2167;LT3216;NDAMBOG;NDOM;SANAGA-MARITIME;LITTORAL
2168;CE3509;NDAMVO;NYAKOKOMBO;NYONG ET MFOUMOU;CENTRE
2169;CE7507;NDAMVOUT;YAOUNDE IV;MFOUNDI;CENTRE
2170;CE4910;NDANGUENG I;MFOU;MEFOU ET AFAMBA;CENTRE
2171;CE4911;NDANGUENG II;MFOU;MEFOU ET AFAMBA;CENTRE
2172;CE4912;NDANKO;MFOU;MEFOU ET AFAMBA;CENTRE
2173;NW3908;NDAPANG-LOWER;SANTA;MEZAM;NORTH-WEST
2174;NW2003;NDAWARA;BELO;BOYO;NORTH-WEST
2175;CE4531;NDAZOA;MBANKOMO;MEFOU ET AKONO;CENTRE
2176;CE4531;NDAZOA;NGOUMOU;MEFOU ET AKONO;CENTRE
2177;CE1507;NDELLE;AYOS;NYONG ET MFOUMOU;CENTRE
2178;LT4303;NDEM;YINGUI;NKAM;LITTORAL
2179;ES1807;NDEMBA II;DIANG;LOM ET DJEREM;EST
2180;ESALF4;NDEMBO II;MANDJOU;LOM ET DJEREM;EST
2181;LT3225;NDEME;NYANON;SANAGA-MARITIME;LITTORAL
2182;OU3219;NDENKOP;DSCHANG;MENOUA;OUEST
2183;OUAL71;NDENTO;FONGO TONGO;MENOUA;OUEST
2184;OUAL12;NDIANGSO;BAFOUSSAM I;MIFI;OUEST
2185;CE1323;NDIBI;AKONOLINGA;NYONG ET MFOUMOU;CENTRE
2186;CE5303;NDIKI-VILLAGE;NDIKINIMIKI;MBAM ET INOUBOU;CENTRE
2187;CE5304;NDIKOKO;NDIKINIMIKI;MBAM ET INOUBOU;CENTRE
2188;CE6504;NDIMI;NTUI;MBAM ET KIM;CENTRE
2189;NW3606;NDIN;NONI;BUI;NORTH-WEST
2190;CE5404;NDITAM;NGAMBE TIKAR;MBAM ET KIM;CENTRE
2191;AD1106;NDI-WAWA;BANYO;MAYO-BANYO;ADAMAOUA
2192;EN3104;NDJAGARE;KOUSSERI;DIAMARE;EXTREME-NORD
2193;ES3703;NDJASSI;NGUELEBOK;KADEY;EST
2194;OUAL08;NDJILE;NKONG-NI;MENOUA;OUEST
2195;EN3527;NDJIMINI;MAKARY;DIAMARE;EXTREME-NORD
2196;OU4809;NDJINDJANG;SANTCHOU;MENOUA;OUEST
2197;LT3405;NDJOCKLOUMBE;NGWEI;SANAGA-MARITIME;LITTORAL
2198;CE7911;NDJOLE;YOKO;MBAM ET KIM;CENTRE
2199;CE5208;NDJOMBE;NANGA-EBOGO;HAUTE SANAGA;CENTRE
2200;CE1324;NDJONGMEDJAP;AKONOLINGA;NYONG ET MFOUMOU;CENTRE
2201;CE4302;NDJORE;MBANDJOCK;HAUTE SANAGA;CENTRE
2202;SW2303;NDO I;KONYE;MEME;SUD-OUEST
2203;LT1907;NDOBO;DOUALA IV;WOURI;LITTORAL
2204;LT3217;NDOG BABEM;NDOM;SANAGA-MARITIME;LITTORAL
2205;LT1710;NDOGBATI I;DOUALA III;WOURI;LITTORAL
2206;LT3226;NDOGBATOGUE;NYANON;SANAGA-MARITIME;LITTORAL
2207;LT1711;NDOGBONG;DOUALA V;WOURI;LITTORAL
2208;LT1730;NDOGHEM II;DOUALA III;WOURI;LITTORAL
2209;LT3218;NDOGLEM VILLAGE;NDOM;SANAGA-MARITIME;LITTORAL
2210;LT1716;NDOGPASSI III;DOUALA III;WOURI;LITTORAL
2211;LT1720;NDOGPASSI I;DOUALA III;WOURI;LITTORAL
2212;LT1719;NDOGPASSI III ZONE DE RECASEMENT;DOUALA III;WOURI;LITTORAL
2213;CE4801;NDOGUEN MEMEL;MESSONDO;NYONG ET KELLE;CENTRE
2214;LT2706;NDOH I;MBANGA;MOUNGO;LITTORAL
2215;OU4622;NDOH-DJUTTITSA;NKONG-NI;MENOUA;OUEST
2216;LT4304;NDOKBIAKAT;YINGUI;NKAM;LITTORAL
2217;CE5305;NDOKOBASSABEN;NDIKINIMIKI;MBAM ET INOUBOU;CENTRE
2218;CE5306;NDOKOBOU;NDIKINIMIKI;MBAM ET INOUBOU;CENTRE
2219;LT2206;NDOKOHI;EDEA I;SANAGA-MARITIME;LITTORAL
2220;CE5307;NDOKOHOK;NDIKINIMIKI;MBAM ET INOUBOU;CENTRE
2221;CE5308;NDOKOWANE;NDIKINIMIKI;MBAM ET INOUBOU;CENTRE
2222;LT3106;NDOKPO;YABASSI;NKAM;LITTORAL
2223;LT4305;NDOKTOUNA;YINGUI;NKAM;LITTORAL
2224;SW3905;NDOM;TOMBEL;KUPE / MUANENGUBA;SUD-OUEST
2225;LT3216;NDOM-CENTRE;NDOM;SANAGA-MARITIME;LITTORAL
2226;CE4303;NDO-MEKOMBA;MBANDJOCK;HAUTE SANAGA;CENTRE
2227;LT1404;NDONGA;DIZANGUE;SANAGA-MARITIME;LITTORAL
2228;CE4801;NDONG-LIEN;MESSONDO;NYONG ET KELLE;CENTRE
2229;CE4304;NDO-NKOTENG;MBANDJOCK;HAUTE SANAGA;CENTRE
2230;NW3101;NDOP COUNCIL;NDOP;NGOKETUNJIA;NORTH-WEST
2231;LTALF4;NDOTTORRONG;NDOBIAN;NKAM;LITTORAL
2232;CE1803;NDOUMBA;BIBEY;HAUTE SANAGA;CENTRE
2233;ES3509;NDOUMBA BELLO;NGOURA;LOM ET DJEREM;EST
2234;ES1403;NDOUMBA KANGA;BELABO;LOM ET DJEREM;EST
2235;ES1807;NDOUMBI I;DIANG;LOM ET DJEREM;EST
2236;CE2703;NDOUNDA;EBEBDA;LEKIE;CENTRE
2237;CE1325;NDOUNDOU;AKONOLINGA;NYONG ET MFOUMOU;CENTRE
2238;LT2106;NDOUNGUE;EBONE;MOUNGO;LITTORAL
2239;CE2509;NDOUPE;DIBANG;NYONG ET KELLE;CENTRE
2240;NW3201;NDU COUNCIL;NDU;DONGA-MANTUNG;NORTH-WEST
2241;CE2802;NDZANA;EDZENDOUAN;MEFOU ET AFAMBA;CENTRE
2242;CE4913;NDZIEFIDI;MFOU;MEFOU ET AFAMBA;CENTRE
2243;CE5105;NEGA;MONATELE;LEKIE;CENTRE
2244;EN3526;NEIRA;MAKARY;DIAMARE;EXTREME-NORD
2245;ES3008;NEMEYONG II;MESSAMENA;HAUT-NYONG;EST
2246;LT1608;NEW BELL;DOUALA II;WOURI;LITTORAL
2247;LT1609;NEW BELL BANDJOUN;DOUALA II;WOURI;LITTORAL
2248;LT1604;NEW BELL CONGO;DOUALA II;WOURI;LITTORAL
2249;LT1605;NEW BELL HAOUSSA;DOUALA II;WOURI;LITTORAL
2250;LT1712;NEW-TOWN AEROPORT;DOUALA II;WOURI;LITTORAL
2251;CE7611;NFANDENA-NTEM;YAOUNDE V;MFOUNDI;CENTRE
2252;CE7705;NFON-ALEN I;YAOUNDE VI;MFOUNDI;CENTRE
2253;CE7108;NGALI I;SOA;MEFOU ET AFAMBA;CENTRE
2254;CE7109;NGALI II;SOA;MEFOU ET AFAMBA;CENTRE
2255;CE1326;NGALLA;AKONOLINGA;NYONG ET MFOUMOU;CENTRE
2256;LT2813;NGAL-MBO;MELONG;MOUNGO;LITTORAL
2257;AD2114;NGAM;MEIGANGA;MBERE;ADAMAOUA
2258;CE5309;NGAMBETIKAR;NDIKINIMIKI;MBAM ET INOUBOU;CENTRE
2259;OU1610;NGANG;BAKOU;HAUT NKAM;OUEST
2260;CE1327;NGANGA;AKONOLINGA;NYONG ET MFOUMOU;CENTRE
2261;AD2209;NGANHA CHEFFERIE;NGANHA;VINA;ADAMAOUA
2262;AD2302;NGAOUI CHEFFERIE;NGAOUI;MBERE;ADAMAOUA
2263;AD2602;NGAOUSSAY;NGAOUNDERE II;VINA;ADAMAOUA
2264;EN3528;NGARDOUGOUM;MAKARY;DIAMARE;EXTREME-NORD
2265;ES2206;NGARESSO;GARI-GOMBO;BOUMBA ET NGOKO;EST
2266;EN3529;NGARKAWA ARABE;MAKARY;DIAMARE;EXTREME-NORD
2267;CE1405;NGAT;AWAE;MEFOU ET AFAMBA;CENTRE
2268;CE2614;NGAT I;DZENG;NYONG ET SO'O;CENTRE
2269;AD2908;NGATT;TIBATI;DJEREM;ADAMAOUA
2270;AD1004;NGATTI;BANKIM;MAYO-BANYO;ADAMAOUA
2271;AD2115;NGAZI;MEIGANGA;MBERE;ADAMAOUA
2272;CE5106;NGBABA II;MONATELE;LEKIE;CENTRE
2273;EN3531;NGIRE;MAKARY;DIAMARE;EXTREME-NORD
2274;EN5603;NGODENI;ZINA;DIAMARE;EXTREME-NORD
2275;LT1717;NGODI BAKOKO;DOUALA III;WOURI;LITTORAL
2276;LT2604;NGOG- MBOG;MASSOCK;SANAGA-MARITIME;LITTORAL
2277;CE2704;NGOKSA;EBEBDA;LEKIE;CENTRE
2278;LT2507;NGOL;MANJO;MOUNGO;LITTORAL
2279;LT1729;NGOMA;DOUALA III;WOURI;LITTORAL
2280;LT4105;NGOMPEM;POUMA;SANAGA-MARITIME;LITTORAL
2281;CE7609;NGONA;YAOUNDE V;MFOUNDI;CENTRE
2282;LT2404;NGONDO;LOUM;MOUNGO;LITTORAL
2283;EN3530;NGONFLA;MAKARY;DIAMARE;EXTREME-NORD
2284;LT2303;NGONGA;EDEA II;SANAGA-MARITIME;LITTORAL
2285;CE5006;NGO'O;MINTA;HAUTE SANAGA;CENTRE
2286;SW2203;NGOSSO;KOMBO-ITINDI;NDIAN;SUD-OUEST
2287;ES3408;NGOTTO;NDELELE;KADEY;EST
2288;OUAL70;NGOUANG;BAMENDJOU;HAUTS PLATEAUX;OUEST
2289;CE1328;NGOUBOU;AKONOLINGA;NYONG ET MFOUMOU;CENTRE
2290;OU3904;NGOUENJIN -GOUMBE;KOUOPTAMO;NOUN;OUEST
2291;OU3905;NGOUENJITAPON;KOUOPTAMO;NOUN;OUEST
2292;CE7912;NGOUETOU;YOKO;MBAM ET KIM;CENTRE
2293;OUAL69;NGOUGOUA;BAHAM;HAUTS PLATEAUX;OUEST
2294;EN3532;NGOUI I;MAKARY;DIAMARE;EXTREME-NORD
2295;CE3911;NGOUIMAKONG;MAKAK;NYONG ET KELLE;CENTRE
2296;CE3805;NGOULMAKONG;LOBO;LEKIE;CENTRE
2297;CE7605;NGOULMEKONG;YAOUNDE V;MFOUNDI;CENTRE
2298;ES3010;NGOULMEKONG;MESSAMENA;HAUT-NYONG;EST
2299;CE4915;NGOUM;MFOU;MEFOU ET AFAMBA;CENTRE
2300;EN1003;NGOUM;BLANGUOA;DIAMARE;EXTREME-NORD
2301;EN3533;NGOUMA;MAKARY;DIAMARE;EXTREME-NORD
2302;CE1104;NGOUMBOU;AKOEMAN;NYONG ET SO'O;CENTRE
2303;CE3912;NGOUMGOUM II;MAKAK;NYONG ET KELLE;CENTRE
2304;ES2207;NGOUNDI I;GARI-GOMBO;BOUMBA ET NGOKO;EST
2305;CE4105;NGOUNG;MATOMB;NYONG ET KELLE;CENTRE
2306;CEAL16;NGOUNGOUMOU;AFANLOUM;MEFOU ET AFAMBA;CENTRE
2307;CE7606;NGOUSSO;YAOUNDE V;MFOUNDI;CENTRE
2308;ES3702;NGOUTE;NGUELEBOK;KADEY;EST
2309;CE6715;NGOYA II;OKOLA;LEKIE;CENTRE
2310;ES3605;NGOYLA CENTRE;NGOYLA;HAUT-NYONG;EST
2311;CE1413;NGUEM;AWAE;MEFOU ET AFAMBA;CENTRE
2312;OU2504;NGUENGUE (BANWA-CENTRE);BANWA;HAUT NKAM;OUEST
2313;EN4611;NGUETCHEWE;MAYO MOSKOTA;MAYO-TSANAGA;EXTREME-NORD
2314;CE4801;NGUIBASSAL-KOMOL;MESSONDO;NYONG ET KELLE;CENTRE
2315;CE6505;NGUILA BABOUTE;NTUI;MBAM ET KIM;CENTRE
2316;ES3305;NGUILILI;MOULOUNDO;BOUMBA ET NGOKO;EST
2317;CE1406;NGUINDA-ENGONO;AWAE;MEFOU ET AFAMBA;CENTRE
2318;ES3808;NGUONG;NGUELEMENDOUGA;HAUT-NYONG;EST
2319;SW3906;NGUSI;TOMBEL;KUPE / MUANENGUBA;SUD-OUEST
2320;SW3501;NGUTI COUNCIL;NGUTI;KUPE / MUANENGUBA;SUD-OUEST
2321;NW2406;NGWAH;FUNDONG;BOYO;NORTH-WEST
2322;OU4812;NGWATTA;SANTCHOU;MENOUA;OUEST
2323;LT1908;NGWELE;DOUALA IV;WOURI;LITTORAL
2324;NW3302;NGWO;NJIKWA;MOMO;NORTH-WEST
2325;NW2806;NGYEN-MBO;MBENGWI;MOMO;NORTH-WEST
2326;NW1904;NGYEN-MUWAH;BATIBO;MOMO;NORTH-WEST
2327;CE2910;NIGA;ELIG-MFOMO;LEKIE;CENTRE
2328;ENALF2;NIGIAIWA;MAKARY;DIAMARE;EXTREME-NORD
2329;ES1806;NIKA;DIANG;LOM ET DJEREM;EST
2330;EN2005;NIMIA;GOULFEY;DIAMARE;EXTREME-NORD
2331;LT3220;NINDJE;NDOM;SANAGA-MARITIME;LITTORAL
2332;LT2814;NINONG;MELONG;MOUNGO;LITTORAL
2333;CE5007;NIO;MINTA;HAUTE SANAGA;CENTRE
2334;NW2807;NJAAH;MBENGWI;MOMO;NORTH-WEST
2335;NW2704;NJAVNYUY;KUMBO;BUI;NORTH-WEST
2336;SW3204;NJENACHA;FONTEM;LEBIALEM;SUD-OUEST
2337;CE1704;NJI;BATSHENGA;LEKIE;CENTRE
2338;NW3301;NJIKWA COUNCIL;NJIKWA;MOMO;NORTH-WEST
2339;OU4505;NJIMOM;NJIMOM;NOUN;OUEST
2340;OU1211;NJINGAH;BAFOUSSAM I;MIFI;OUEST
2341;OU1009;NJINGHA;BABADJOU;BAMBOUTOS;OUEST
2342;NW3401;NJINIKUM COUNCIL;NJINIKUM;BOYO;NORTH-WEST
2343;LT3502;NJOMBE;PENJA;MOUNGO;LITTORAL
2344;LT2508;NJOUMBENG III;MANJO;MOUNGO;LITTORAL
2345;SW3507;NJUNYUE;NGUTI;KUPE / MUANENGUBA;SUD-OUEST
2346;OU4813;NKAH FONDENERA;SANTCHOU;MENOUA;OUEST
2347;NW3501;NKAMBE COUNCIL;NKAMBE;DONGA-MANTUNG;NORTH-WEST
2348;SW1314;NKANG-MUAMBONG;BANGEM;KUPE / MUANENGUBA;SUD-OUEST
2349;LT1308;NKAPA;DIBOMBARI;MOUNGO;LITTORAL
2350;NW2603;NKAR;JAKIRI;BUI;NORTH-WEST
2351;CE4926;NKASSOMO;MFOU;MEFOU ET AFAMBA;CENTRE
2352;CE4106;NKENGLIKOCK;MATOMB;NYONG ET KELLE;CENTRE
2353;OUAL68;NKEUTCHEU;BANGOU;HAUTS PLATEAUX;OUEST
2354;CE4916;NKIL ZOK II;MFOU;MEFOU ET AFAMBA;CENTRE
2355;NW3607;NKINKOLINKOR;NONI;BUI;NORTH-WEST
2356;CE4534;NKOABANG;MBANKOMO;MEFOU ET AKONO;CENTRE
2357;CE5811;NKOAKOM;NGOUMOU;MEFOU ET AKONO;CENTRE
2358;CE5209;NKOAMBANG;NANGA-EBOGO;HAUTE SANAGA;CENTRE
2359;CEAL47;NKOAMBANG;ENDOM;NYONG ET MFOUMOU;CENTRE
2360;OU4618;NKOHO;NKONG-NI;MENOUA;OUEST
2361;CE7014;NKOL EBASSINBI;SA'A;LEKIE;CENTRE
2362;CE7010;NKOL ESSONO;SA'A;LEKIE;CENTRE
2363;CE4532;NKOL MEYOS;MBANKOMO;MEFOU ET AKONO;CENTRE
2364;CE7015;NKOL MVODO;SA'A;LEKIE;CENTRE
2365;CEAL10;NKOL NGUET;MFOU;MEFOU ET AFAMBA;CENTRE
2366;CE1203;NKOL NLONG I;AKONO;MEFOU ET AKONO;CENTRE
2367;CE4210;NKOL NYAMA;MBALMAYO;NYONG ET SO'O;CENTRE
2368;CE1207;NKOL-AKONO I;AKONO;MEFOU ET AKONO;CENTRE
2369;CE7011;NKOLANG I;SA'A;LEKIE;CENTRE
2370;CE3308;NKOLASSA;EVOUDOULA;LEKIE;CENTRE
2371;CE7028;NKOLAYOS;SA'A;LEKIE;CENTRE
2372;CE4930;NKOLBA'A;MFOU;MEFOU ET AFAMBA;CENTRE
2373;ESAL59;NKOLBANA I;NGUELEMENDOUGA;HAUT-NYONG;EST
2374;CE4609;NKOLBECK;MENGANG;NYONG ET MFOUMOU;CENTRE
2375;CE6716;NKOLBEGA;OKOLA;LEKIE;CENTRE
2376;CE5610;NKOLBEWA I;NGOMEDZAP;NYONG ET SO'O;CENTRE
2377;CE5611;NKOLBEWA III;NGOMEDZAP;NYONG ET SO'O;CENTRE
2378;CE6106;NKOLBIKOGO;NKOLAFAMBA;MEFOU ET AFAMBA;CENTRE
2379;CE7802;NKOLBISSON;YAOUNDE VII;MFOUNDI;CENTRE
2380;CE4509;NKOLBIYEN;MBANKOMO;MEFOU ET AKONO;CENTRE
2381;CE7012;NKOLBOGO I;SA'A;LEKIE;CENTRE
2382;CEALF6;NKOLBOGO II;SA'A;LEKIE;CENTRE
2383;CE6717;NKOLDJOBE;OKOLA;LEKIE;CENTRE
2384;CE6718;NKOLEKOTSING;OKOLA;LEKIE;CENTRE
2385;CE5802;NKOLEMOMODO;NGOUMOU;MEFOU ET AKONO;CENTRE
2386;CE1414;NKOLESSONG;AWAE;MEFOU ET AFAMBA;CENTRE
2387;CE6618;NKOL-EWODO;OBALA;LEKIE;CENTRE
2388;CE6719;NKOLFEM;OKOLA;LEKIE;CENTRE
2389;CE6619;NKOLFEP;OBALA;LEKIE;CENTRE
2390;CE7407;NKOLFON;YAOUNDE III;MFOUNDI;CENTRE
2391;CE7110;NKOLFOULOU I;SOA;MEFOU ET AFAMBA;CENTRE
2392;CE1907;NKOLG NEN;BIKOK;MEFOU ET AKONO;CENTRE
2393;CE6720;NKOL-KOS;LOBO;LEKIE;CENTRE
2394;CE5107;NKOLKOSSE;MONATELE;LEKIE;CENTRE
2395;CE3312;NKOLKOUGDA;EVOUDOULA;LEKIE;CENTRE
2396;CE3309;NKOLKOUGDA II;EVOUDOULA;LEKIE;CENTRE
2397;CE7205;NKOLMBONG-NORD;YAOUNDE I;MFOUNDI;CENTRE
2398;CE4918;NKOLMEFOU I;MFOU;MEFOU ET AFAMBA;CENTRE
2399;CE1705;NKOLMEKOK;BATSHENGA;LEKIE;CENTRE
2400;CE6622;NKOLMENDOUGA;OBALA;LEKIE;CENTRE
2401;CE7601;NKOLMESSENG;YAOUNDE V;MFOUNDI;CENTRE
2402;CE5812;NKOLMESSI;NGOUMOU;MEFOU ET AKONO;CENTRE
2403;CEAL24;NKOLMESSONG;ASSAMBA;MEFOU ET AFAMBA;CENTRE
2404;CEALF56;NKOLMETET;NKOLMETET;NYONG ET SO'O;CENTRE
2405;CE4919;NKOLMEVAH;MFOU;MEFOU ET AFAMBA;CENTRE
2406;CE4510;NKOLMEWOUTH;MBANKOMO;MEFOU ET AKONO;CENTRE
2407;CE5612;NKOLMEYANG;NGOMEDZAP;NYONG ET SO'O;CENTRE
2408;CE4532;NKOL-MEYOS-OSSA;NGOUMOU;MEFOU ET AKONO;CENTRE
2409;CEAL28;NKOL-MEYOS-OSSA;MBANKOMO;MEFOU ET AKONO;CENTRE
2410;CE7013;NKOLMVAK;SA'A;LEKIE;CENTRE
2411;CE4917;NKOLNDA I;MFOU;MEFOU ET AFAMBA;CENTRE
2412;CE5108;NKOLNGAL;MONATELE;LEKIE;CENTRE
2413;CE1408;NKOLNGOCK;AWAE;MEFOU ET AFAMBA;CENTRE
2414;CE7026;NKOLNGOK;SA'A;LEKIE;CENTRE
2415;CE4931;NKOLNGOK;MFOU;MEFOU ET AFAMBA;CENTRE
2416;CE6620;NKOLNGUEM I;OBALA;LEKIE;CENTRE
2417;CE4211;NKOLNGUI I;NKOLMETET;NYONG ET SO'O;CENTRE
2418;CE7608;NKOLNKONDI;YAOUNDE V;MFOUNDI;CENTRE
2419;CE4527;NKOL-NTSAMA;MBANKOMO;MEFOU ET AKONO;CENTRE
2420;CE7024;NKOLO;SA'A;LEKIE;CENTRE
2421;CE7508;NKOLO;YAOUNDE IV;MFOUNDI;CENTRE
2422;CE6107;NKOLO II;NKOLAFAMBA;MEFOU ET AFAMBA;CENTRE
2423;CE6114;NKOLO III;NKOLAFAMBA;MEFOU ET AFAMBA;CENTRE
2424;CE2911;NKOLOBANG I;ELIG-MFOMO;LEKIE;CENTRE
2425;CE3505;NKOLOBOUDOU I;NYAKOKOMBO;NYONG ET MFOUMOU;CENTRE
2426;CE1509;NKOLOBOUDOU II;AYOS;NYONG ET MFOUMOU;CENTRE
2427;CE5804;NKOLOKEDE;NGOUMOU;MEFOU ET AKONO;CENTRE
2428;CE5109;NKOLONANA;MONATELE;LEKIE;CENTRE
2429;CE7016;NKOLONDOGO;SA'A;LEKIE;CENTRE
2430;CE7206;NKOLONDOM;YAOUNDE I;MFOUNDI;CENTRE
2431;CE2912;NKOLOSSAN;ELIG-MFOMO;LEKIE;CENTRE
2432;CE2705;NKOLOSSANG;EBEBDA;LEKIE;CENTRE
2433;CE4920;NKOLOVENG;MFOU;MEFOU ET AFAMBA;CENTRE
2434;CE6623;NKOLTIMA;OBALA;LEKIE;CENTRE
2435;CEAL48;NKOLTOM;ENDOM;NYONG ET MFOUMOU;CENTRE
2436;CEALF50;NKOLTOM;NYAKOKOMBO;NYONG ET MFOUMOU;CENTRE
2437;CE6624;NKOLTOMO II;OBALA;LEKIE;CENTRE
2438;CE5114;NKOLVE-ETAKA;MONATELE;LEKIE;CENTRE
2439;CE6203;NKOLYA;NKOLMETET;NYONG ET SO'O;CENTRE
2440;CE3806;NKOLYEM;LOBO;LEKIE;CENTRE
2441;CE7017;NKOLZOA I;SA'A;LEKIE;CENTRE
2442;CE7022;NKOLZOMO;SA'A;LEKIE;CENTRE
2443;CE2706;NKOM I;EBEBDA;LEKIE;CENTRE
2444;CE6625;NKOMEFOUFOUM;OBALA;LEKIE;CENTRE
2445;CE6108;NKOMESSEBE;NKOLAFAMBA;MEFOU ET AFAMBA;CENTRE
2446;CE7111;NKOMETOU I;SOA;MEFOU ET AFAMBA;CENTRE
2447;CE6626;NKOMETOU II;OBALA;LEKIE;CENTRE
2448;CE6627;NKOMETOU III;OBALA;LEKIE;CENTRE
2449;CE3208;NKOMEYO;ESSE;MEFOU ET AFAMBA;CENTRE
2450;CE7509;NKOMO I;YAOUNDE IV;MFOUNDI;CENTRE
2451;CE2612;NKONDONGO;DZENG;NYONG ET SO'O;CENTRE
2452;CE4520;NKONG BINGUELA;MBANKOMO;MEFOU ET AKONO;CENTRE
2453;CE2611;NKONG MEDZAP;DZENG;NYONG ET SO'O;CENTRE
2454;LT4106;NKONGA;POUMA;SANAGA-MARITIME;LITTORAL
2455;CE5803;NKONG-ABOK;NGOUMOU;MEFOU ET AKONO;CENTRE
2456;CE4519;NKONG-BIBEGA;MBANKOMO;MEFOU ET AKONO;CENTRE
2457;LT4005;NKONGHOL;NYANON;SANAGA-MARITIME;LITTORAL
2458;CE2208;NKONG-KENI;BONDJOCK;NYONG ET KELLE;CENTRE
2459;LT4006;NKONGKWALLA;NYANON;SANAGA-MARITIME;LITTORAL
2460;CE5810;NKONGMEYOS I;NGOUMOU;MEFOU ET AKONO;CENTRE
2461;CE5809;NKONGMEYOS III;NGOUMOU;MEFOU ET AKONO;CENTRE
2462;CE1913;NKONG-NDOUGOU II;BIKOK;MEFOU ET AKONO;CENTRE
2463;CE4921;NKONGOA;MFOU;MEFOU ET AFAMBA;CENTRE
2464;CE1204;NKONGTSAM;AKONO;MEFOU ET AKONO;CENTRE
2465;CE5805;NKONGZOCK;NGOUMOU;MEFOU ET AKONO;CENTRE
2466;NW1105;NKON-MEGOM;NGIE;MOMO;NORTH-WEST
2467;CE5505;NKO'O;NGOG MAPOUBI;NYONG ET KELLE;CENTRE
2468;CE1329;NKO'O;AKONOLINGA;NYONG ET MFOUMOU;CENTRE
2469;CEAL49;NKO'OVENG;ENDOM;NYONG ET MFOUMOU;CENTRE
2470;NW3601;NKOR COUNCIL;NONI;BUI;NORTH-WEST
2471;CE6303;NKOTENG CHEFFERIE;NKOTENG;HAUTE SANAGA;CENTRE
2472;CE6304;NKOTENG VILLAGE;NKOTENG;HAUTE SANAGA;CENTRE
2473;LT1606;NKOULOLOUN;DOUALA II;WOURI;LITTORAL
2474;CE6111;NKOULOU;NKOLAFAMBA;MEFOU ET AFAMBA;CENTRE
2475;ES2104;NKOUM;DOUME;HAUT-NYONG;EST
2476;CE2312;NKOUMSE-NORD;BOT MAKAK;NYONG ET KELLE;CENTRE
2477;CE7112;NKOZOA;SOA;MEFOU ET AFAMBA;CENTRE
2478;NW3701;NKUM COUNCIL;NKUM;BUI;NORTH-WEST
2479;NW3705;NKUM-KOV;NKUM;BUI;NORTH-WEST
2480;NW1803;NKWEN IHC(PMI);BAMENDA III;MEZAM;NORTH-WEST
2481;CE1330;NLOBOLE;AKONOLINGA;NYONG ET MFOUMOU;CENTRE
2482;LT2509;NLOHE;MANJO;MOUNGO;LITTORAL
2483;CE3706;NLONG;LEMBE-YEZOUM;HAUTE SANAGA;CENTRE
2484;CE5113;NLONGBON I;MONATELE;LEKIE;CENTRE
2485;CE7413;NLONG-MVOLYE;YAOUNDE III;MFOUNDI;CENTRE
2486;CE7019;NLONG-ONAMBELE;SA'A;LEKIE;CENTRE
2487;CE7018;NLONG-ZOK;SA'A;LEKIE;CENTRE
2488;CE3209;NOMAYOS (BEKOUA);ESSE;MEFOU ET AFAMBA;CENTRE
2489;CE4511;NOMAYOS I SUD;MBANKOMO;MEFOU ET AKONO;CENTRE
2490;CE4512;NOMAYOS II;MBANKOMO;MEFOU ET AKONO;CENTRE
2491;CEAL27;NOMAYOS SUD;MBANKOMO;MEFOU ET AKONO;CENTRE
2492;EN4503;NOUBOU;MOUTOURWA;MAYO-KANI;EXTREME-NORD
2493;CE6721;NOUMA;OKOLA;LEKIE;CENTRE
2494;CE1510;NSAN I;AYOS;NYONG ET MFOUMOU;CENTRE
2495;CE7020;NSAN-MENDOUGA;SA'A;LEKIE;CENTRE
2496;CE6403;NSEM I;NSEM;HAUTE SANAGA;CENTRE
2497;CE6207;NSESSOUGOU;NKOLMETET;NYONG ET SO'O;CENTRE
2498;CE4922;NSIMALEN;MFOU;MEFOU ET AFAMBA;CENTRE
2499;CE7409;NSIMEYONG II;YAOUNDE III;MFOUNDI;CENTRE
2500;CE7410;NSIMEYONG III;YAOUNDE III;MFOUNDI;CENTRE
2501;LT2606;NSING MADENG;MASSOCK;SANAGA-MARITIME;LITTORAL
2502;CE1908;NSOH (NKOL-NSHO);BIKOK;MEFOU ET AKONO;CENTRE
2503;LT2510;NSOUNG;MANJO;MOUNGO;LITTORAL
2504;OU3213;NTEINGUE;DSCHANG;MENOUA;OUEST
2505;NW3805;NTONG;NWA;DONGA-MANTUNG;NORTH-WEST
2506;CE1912;NTOUESSONG;BIKOK;MEFOU ET AKONO;CENTRE
2507;CE7510;NTOUESSONG;YAOUNDE IV;MFOUNDI;CENTRE
2508;CE7113;NTOUESSONG IV;SOA;MEFOU ET AFAMBA;CENTRE
2509;CE7114;NTOUESSONG VII;SOA;MEFOU ET AFAMBA;CENTRE
2510;CE2313;NTOULENG;BOT MAKAK;NYONG ET KELLE;CENTRE
2511;LT2304;NTOUMBA;EDEA I;SANAGA-MARITIME;LITTORAL
2512;ES1004;NTOUNG;ABONG-MBANG;HAUT-NYONG;EST
2513;NW3205;NTUMBWW;NDU;DONGA-MANTUNG;NORTH-WEST
2514;CE1331;NVANEMVOGNYENGUE;AKONOLINGA;NYONG ET MFOUMOU;CENTRE
2515;CEAL17;NVOM-NDOUMBA;EDZENDOUAN;MEFOU ET AFAMBA;CENTRE
2516;NW3801;NWA COUNCIL;NWA;DONGA-MANTUNG;NORTH-WEST
2517;NW2306;NWATT;BUM;BOYO;NORTH-WEST
2518;ES1309;NYABI;BATOURI;KADEY;EST
2519;CE5707;NYABIDI;NGORO;MBAM ET KIM;CENTRE
2520;LT3229;NYAHO;NYANON;SANAGA-MARITIME;LITTORAL
2521;LT3230;NYAKELLE;NYANON;SANAGA-MARITIME;LITTORAL
2522;CE4407;NYAMANGA II;MBANGASSINA;MBAM ET KIM;CENTRE
2523;NON;NYAMBAKA CHEFFERIE;NYAMBAKA;VINA;ADAMAOUA
2524;OU2111;NYAMBEU;BANGANGTE;MIFI;OUEST
2525;AD1005;NYAMBOYA;BANKIM;MAYO-BANYO;ADAMAOUA
2526;CE5703;NYAMOKO;NGORO;MBAM ET KIM;CENTRE
2527;CEALF7;NYAMONGO;NGORO;MBAM ET KIM;CENTRE
2528;CE1604;NYAMSON;BAFIA;MBAM ET INOUBOU;CENTRE
2529;LT4208;NYAMTAN;YABASSI;NKAM;LITTORAL
2530;CE1508;NYAMVOUDOU;AYOS;NYONG ET MFOUMOU;CENTRE
2531;CE2407;NYAMZOM;DEUK;MBAM ET INOUBOU;CENTRE
2532;SW3907;NYANDONG;TOMBEL;KUPE / MUANENGUBA;SUD-OUEST
2533;CE5704;NYANGAFOK;NGORO;MBAM ET KIM;CENTRE
2534;LT4009;NYANON CENTRE;NYANON;SANAGA-MARITIME;LITTORAL
2535;SW3908;NYASOSO;TOMBEL;KUPE / MUANENGUBA;SUD-OUEST
2536;AD2210;NYASSAR;NGANHA;VINA;ADAMAOUA
2537;AD1107;NYAWA;BANYO;MAYO-BANYO;ADAMAOUA
2538;LT3306;NYEE;NGAMBE;SANAGA-MARITIME;LITTORAL
2539;CE5613;NYENGUE;NGOMEDZAP;NYONG ET SO'O;CENTRE
2540;CE1106;NYEP;AKOEMAN;NYONG ET SO'O;CENTRE
2541;CE4005;NYOKON;MAKENENE;MBAM ET INOUBOU;CENTRE
2542;CE7207;NYOM II;YAOUNDE I;MFOUNDI;CENTRE
2543;CE1909;NYOMO;BIKOK;MEFOU ET AKONO;CENTRE
2544;LT3232;NYOUDEM;NYANON;SANAGA-MARITIME;LITTORAL
2545;OU2714;NZINDONG;BATCHAM;BAMBOUTOS;OUEST
2546;CE6628;OBALA CHEFFERIE;OBALA;LEKIE;CENTRE
2547;CE7210;OBAN;YAOUNDE I;MFOUNDI;CENTRE
2548;CE6722;OBAN I;OKOLA;LEKIE;CENTRE
2549;NW1306;OBANG;BAFUT;MEZAM;NORTH-WEST
2550;SW1711;OBANG (BAKOGA);EYUMUDJOCK;MANYU;SUD-OUEST
2551;CE7119;OBOA;SOA;MEFOU ET AFAMBA;CENTRE
2552;CE6306;OBO'O;NKOTENG;HAUTE SANAGA;CENTRE
2553;CE6204;OBOUT;NKOLMETET;NYONG ET SO'O;CENTRE
2554;CE7511;ODZA II;YAOUNDE IV;MFOUNDI;CENTRE
2555;CE1410;OFFOUMNESELEK II;AWAE;MEFOU ET AFAMBA;CENTRE
2556;CE5806;OFFOUMOU NSELEK;NGOUMOU;MEFOU ET AKONO;CENTRE
2557;CE5210;OKASSANG;NANGA-EBOGO;HAUTE SANAGA;CENTRE
2558;CE7118;OKOA;SOA;MEFOU ET AFAMBA;CENTRE
2559;CE1910;OKODE I;BIKOK;MEFOU ET AKONO;CENTRE
2560;CE2913;OKOK-ESSELE;ELIG-MFOMO;LEKIE;CENTRE
2561;CE7208;OKOLO;YAOUNDE I;MFOUNDI;CENTRE
2562;CE6205;OLAMDOUE;NKOLMETET;NYONG ET SO'O;CENTRE
2563;CEAL25;OLANGUINA;ASSAMBA;MEFOU ET AFAMBA;CENTRE
2564;CE7209;OLEMBE II;YAOUNDE I;MFOUNDI;CENTRE
2565;LT3004;OLOMBE;MOUANKO;SANAGA-MARITIME;LITTORAL
2566;NW4107;OLORUNTI;WIDIKUM-MENKA;MOMO;NORTH-WEST
2567;CE1911;OMAN II;BIKOK;MEFOU ET AKONO;CENTRE
2568;CE6906;OMBESSA VILLAGE;OMBESSA;MBAM ET INOUBOU;CENTRE
2569;CE2111;OMENDE;BOKITO;MBAM ET INOUBOU;CENTRE
2570;LT3221;OMENG;NDOM;SANAGA-MARITIME;LITTORAL
2571;CE5616;ONANA-MBESSA;NGOMEDZAP;NYONG ET SO'O;CENTRE
2572;CE7021;ONDONDO I;SA'A;LEKIE;CENTRE
2573;CE1407;ONDOUDOUMA;AWAE;MEFOU ET AFAMBA;CENTRE
2574;CE7115;ONGANDI;SOA;MEFOU ET AFAMBA;CENTRE
2575;CE4513;ONGOT;MBANKOMO;MEFOU ET AKONO;CENTRE
2576;NW3303;OSHIE;NJIKWA;MOMO;NORTH-WEST
2577;NW1905;OSHUM;BATIBO;MOMO;NORTH-WEST
2578;CE2112;OSSIMB I;BOKITO;MBAM ET INOUBOU;CENTRE
2579;SW1712;OSSING;EYUMUDJOCK;MANYU;SUD-OUEST
2580;CE5614;OSSOEBEMVA;NGOMEDZAP;NYONG ET SO'O;CENTRE
2581;CE1206;OSSOEMIMBANG;AKONO;MEFOU ET AKONO;CENTRE
2582;CE4704;OSSOESSAM;MENGUEME;NYONG ET SO'O;CENTRE
2583;CE5807;OTELE;NGOUMOU;MEFOU ET AKONO;CENTRE
2584;CE6629;OTIBILI;BATSHENGA;LEKIE;CENTRE
2585;CEAL18;OTTOMSAM;AWAE;MEFOU ET AFAMBA;CENTRE
2586;ES3511;OUANDEN;NGOURA;LOM ET DJEREM;EST
2587;CE5211;OUASSA BAMVELE;NANGA-EBOGO;HAUTE SANAGA;CENTRE
2588;CE6307;OUASSA-BABOUTE;NKOTENG;HAUTE SANAGA;CENTRE
2589;EN3910;OUAZZANG;MERI;DIAMARE;EXTREME-NORD
2590;ENALF3;OUBABEL GIOST;MAKARY;DIAMARE;EXTREME-NORD
2591;ESAL67;OUEYA I;NGUELEMENDOUGA;HAUT-NYONG;EST
2592;EN2907;OULARGO;KAR HAY;MAYO-DANAY;EXTREME-NORD
2593;EN5107;OULDEME;TOKOMBERE;MAYO-SAVA;EXTREME-NORD
2594;ES3903;OULI;MBOTORO-OULI;KADEY;EST
2595;AD1110;OUMYARI WAWA;BANYO;MAYO-BANYO;ADAMAOUA
2596;EN1110;OURO MESSERE;BOGO;DIAMARE;EXTREME-NORD
2597;AD1408;OURO-ADDE;DJOHONG;MBERE;ADAMAOUA
2598;EN4608;OUZAL;MAYO MOSKOTA;MAYO-TSANAGA;EXTREME-NORD
2599;EN4704;OUZAL-LOULOU;NDOUKOULA;DIAMARE;EXTREME-NORD
2600;CE7116;OVANGOUL;SOA;MEFOU ET AFAMBA;CENTRE
2601;CEALF52;OVANGOUL;MBALMAYO;NYONG ET SO'O;CENTRE
2602;CE4514;OVENG;MBANKOMO;MEFOU ET AKONO;CENTRE
2603;CE6206;OVENG;NKOLMETET;NYONG ET SO'O;CENTRE
2604;CE4932;OYACK;MFOU;MEFOU ET AFAMBA;CENTRE
2605;EN5105;PALBARA;TOKOMBERE;MAYO-SAVA;EXTREME-NORD
2606;OU3110;PALMERAIS;DJEBEM;KOUNG KHI;OUEST
2607;ES3409;PANA I;NDELELE;KADEY;EST
2608;EN2506;PANAI;HINA;MAYO-TSANAGA;EXTREME-NORD
2609;AD2404;PANGAR;NGAOUNDAL;DJEREM;ADAMAOUA
2610;OU4721;PANIEU;PENKA-MICHEL;MENOUA;OUEST
2611;CE2314;PAN-MAKAK;BOT MAKAK;NYONG ET KELLE;CENTRE
2612;CE4107;PAN-PAN;MATOMB;NYONG ET KELLE;CENTRE
2613;EN3705;PAPATA;MAROUA II;DIAMARE;EXTREME-NORD
2614;LT1105;PENDA MBOKO;BONALEA;MOUNGO;LITTORAL
2615;LT1106;PENDA MBOKO;BONALEA;MOUNGO;LITTORAL
2616;LT3503;PENJA;PENJA;MOUNGO;LITTORAL
2617;OU2017;PETE;BANGOU;KOUNG KHI;OUEST
2618;ESALF3;PETIT POL;DIMAKO;HAUT-NYONG;EST
2619;NW3907;PINYIN;SANTA;MEZAM;NORTH-WEST
2620;LT1405;PITTI DIBAMBA;DIZANGUE;SANAGA-MARITIME;LITTORAL
2621;LT1909;PK II1 MASSOUBOU CARREFOUR;DOUALA V;WOURI;LITTORAL
2622;EN4317;PODOKO SUD OUDJILA;MORA;MAYO-SAVA;EXTREME-NORD
2623;EN4315;PODOKO-CENTRE;MORA;MAYO-SAVA;EXTREME-NORD
2624;EN4316;PODOKO-NORD;MORA;MAYO-SAVA;EXTREME-NORD
2625;EN1905;POLGUE;GOBO;MAYO-DANAY;EXTREME-NORD
2626;CE7023;POLO;SA'A;LEKIE;CENTRE
2627;OU408;PONDIMOUN;KOUTABA;NOUN;OUEST
2628;LT2305;PONGO;EDEA I;SANAGA-MARITIME;LITTORAL
2629;LT3005;PONGO SONGO;MOUANKO;SANAGA-MARITIME;LITTORAL
2630;CE3310;PONGSOLO;EVOUDOULA;LEKIE;CENTRE
2631;ES2603;POUHEPOUM I;LOMIE;HAUT-NYONG;EST
2632;OUAL67;POUMZE;BAHAM;HAUTS PLATEAUX;OUEST
2633;EN1805;POURTAMAI;GAZAWA;DIAMARE;EXTREME-NORD
2634;EN3406;POUSS;MAGA;MAYO-DANAY;EXTREME-NORD
2635;LT3307;POUTKAK;NGAMBE;SANAGA-MARITIME;LITTORAL
2636;EN4103;RHUMSIKI;MOGODE;MAYO-TSANAGA;EXTREME-NORD
2637;EN4106;RHUMZOU;MOGODE;MAYO-TSANAGA;EXTREME-NORD
2638;AD1907;RIBAO;MAYO-DARLE;MAYO-BANYO;ADAMAOUA
2639;SWALF1;SABES;UPPER BANYANG;MANYU;SUD-OUEST
2640;NW4007;SABGA;TUBAH;MEZAM;NORTH-WEST
2641;NW3806;SABONGARI;NWA;DONGA-MANTUNG;NORTH-WEST
2642;EN1004;SABOURA;BLANGUOA;DIAMARE;EXTREME-NORD
2643;LT4107;SACKBAYEME I;POUMA;SANAGA-MARITIME;LITTORAL
2644;EN1703;SAGME;FOTOKOL;DIAMARE;EXTREME-NORD
2645;EN3605;SALAK;MAROUA I;DIAMARE;EXTREME-NORD
2646;ES4002;SALAPOUMBE VILLE;SALAPOUMBE;BOUMBA ET NGOKO;EST
2647;CE3506;SALLA;NYAKOKOMBO;NYONG ET MFOUMOU;CENTRE
2648;ES2002;SALLE;DOUMAINTANG;HAUT-NYONG;EST
2649;ES3809;SAMBA;NGUELEMENDOUGA;HAUT-NYONG;EST
2650;ES3510;SAMBA;NGOURA;LOM ET DJEREM;EST
2651;NW2504;SAMBARI;FRU-AWA;MENCUM;NORTH-WEST
2652;AD1108;SAMBOLABO;BANYO;MAYO-BANYO;ADAMAOUA
2653;AD1803;SAMLECTI;MAYO-BALEO;FARO ET DEO;ADAMAOUA
2654;ES3410;SANGALE;NDELELE;KADEY;EST
2655;NW3901;SANTA COUNCIL;SANTA;MEZAM;NORTH-WEST
2656;ENAL66;SAOURINGWA;TCHATIBALI;MAYO-DANAY;EXTREME-NORD
2657;AD2603;SARE IAMIDO;NGAOUNDERE II;VINA;ADAMAOUA
2658;AD1808;SARKI-MATA;MAYO-BALEO;FARO ET DEO;ADAMAOUA
2659;AD2002;SASSA-MBERSI;MBE;VINA;ADAMAOUA
2660;AD1709;SEBORE DJANGOL;MARTAP;VINA;ADAMAOUA
2661;EN1111;SEDEK;BOGO;DIAMARE;EXTREME-NORD
2662;OU3106;SEDEMBOM;DJEBEM;KOUNG KHI;OUEST
2663;ES2003;SEGUELEDOM;DOUMAINTANG;HAUT-NYONG;EST
2664;OU2019;SEKAKOUO;BANGOU;KOUNG KHI;OUEST
2665;OU3108;SEMTO;DJEBEM;KOUNG KHI;OUEST
2666;CE1105;SEP I;AKOEMAN;NYONG ET SO'O;CENTRE
2667;CE3916;SEPP;MAKAK;NYONG ET KELLE;CENTRE
2668;EN5106;SERAOUA;TOKOMBERE;MAYO-SAVA;EXTREME-NORD
2669;NW4209;SHISHONG;MENCHUM VALLEY;MENCUM;NORTH-WEST
2670;LT4108;SIBONGO;POUMA;SANAGA-MARITIME;LITTORAL
2671;CE3707;SIMBANE;LEMBE-YEZOUM;HAUTE SANAGA;CENTRE
2672;CE7708;SIMBOCK BLOC 6(NDZON-ASSI);YAOUNDE VI;MFOUNDI;CENTRE
2673;CE7707;SIMBOCK CHEFFERIE;YAOUNDE VI;MFOUNDI;CENTRE
2674;NW2205;SIMONKOV;OKU;BUI;NORTH-WEST
2675;OU4814;SINGAIN;SANTCHOU;MENOUA;OUEST
2676;EN4105;SIR;MOGODE;MAYO-TSANAGA;EXTREME-NORD
2677;EN4107;SIRAKOUTTI;MOGODE;MAYO-TSANAGA;EXTREME-NORD
2678;CE3507;SOBIA;NYAKOKOMBO;NYONG ET MFOUMOU;CENTRE
2679;LT1910;SOBIKAGO;DOUALA V;WOURI;LITTORAL
2680;CE4815;SODIBANGA;MESSONDO;NYONG ET KELLE;CENTRE
2681;LT1812;SODIKO;DOUALA IV;WOURI;LITTORAL
2682;OUAL09;SOH NF;NKONG-NI;MENOUA;OUEST
2683;LT4109;SOKELLE I;POUMA;SANAGA-MARITIME;LITTORAL
2684;LT4212;SOLE/DADJOB-NDOJPENDA;YABASSI;NKAM;LITTORAL
2685;CE1332;SOLOLO;AKONOLINGA;NYONG ET MFOUMOU;CENTRE
2686;CE5905;SO-MAKAI;NGUIBASSAL;NYONG ET KELLE;CENTRE
2687;LT4011;SOMBOG I;NYANON;SANAGA-MARITIME;LITTORAL
2688;AD1006;SOMIE;BANKIM;MAYO-BANYO;ADAMAOUA
2689;CE3106;SONG BADJECK;ESEKA;NYONG ET KELLE;CENTRE
2690;CE2002;SONG BAYANG;BIYOUHA;NYONG ET KELLE;CENTRE
2691;LT2607;SONG- MBENGUE;MASSOCK;SANAGA-MARITIME;LITTORAL
2692;CE2003;SONG POUA;BIYOUHA;NYONG ET KELLE;CENTRE
2693;CEAL41;SONG-BADJE;MESSONDO;NYONG ET KELLE;CENTRE
2694;CE4817;SONG-MBONG;MESSONDO;NYONG ET KELLE;CENTRE
2695;CE6723;SONG-ONANA;OKOLA;LEKIE;CENTRE
2696;LT4110;SONGSIMUTH;POUMA;SANAGA-MARITIME;LITTORAL
2697;LT1406;SONGUELAND;DIZANGUE;SANAGA-MARITIME;LITTORAL
2698;AD1007;SONKOLONG;BANKIM;MAYO-BANYO;ADAMAOUA
2699;NW2604;SOP;JAKIRI;BUI;NORTH-WEST
2700;NW3206;SOP;NDU;DONGA-MANTUNG;NORTH-WEST
2701;EN1704;SOUERAM;FOTOKOL;DIAMARE;EXTREME-NORD
2702;EN4215;SOUGOULE;MOKOLO;MAYO-TSANAGA;EXTREME-NORD
2703;EN4904;SOULEDE SECONDAIRE;SOULEDE-ROUA;MAYO-TSANAGA;EXTREME-NORD
2704;CE4705;SOUMAYOP;MENGUEME;NYONG ET SO'O;CENTRE
2705;ENALF4;SOUMO;MAKARY;DIAMARE;EXTREME-NORD
2706;CEAL46;SOUS - PREFECTURE;ENDOM;NYONG ET MFOUMOU;CENTRE
2707;LT1106;SOUZA-GARE;BONALEA;MOUNGO;LITTORAL
2708;NW3407;SU-BUM;NJINIKUM;BOYO;NORTH-WEST
2709;OU4619;SUEFENG;NKONG-NI;MENOUA;OUEST
2710;NW3505;TABENKEN;NKAMBE;DONGA-MANTUNG;NORTH-WEST
2711;NW2705;TADU;KUMBO;BUI;NORTH-WEST
2712;AD2003;TAGBOUM;MBE;VINA;ADAMAOUA
2713;LT1310;TAKAMANDA;DIBOMBARI;MOUNGO;LITTORAL
2714;EN2006;TAKOULWEBEY;GOULFEY;DIAMARE;EXTREME-NORD
2715;SWALF2;TAKWAI;UPPER BANYANG;MANYU;SUD-OUEST
2716;EN4612;TALA GOZELE;MAYO MOSKOTA;MAYO-TSANAGA;EXTREME-NORD
2717;CE4408;TALBA;MBANGASSINA;MBAM ET KIM;CENTRE
2718;SWALF3;TALI;UPPER BANYANG;MANYU;SUD-OUEST
2719;NW2605;TAN;JAKIRI;BUI;NORTH-WEST
2720;EN1112;TANKIROU;BOGO;DIAMARE;EXTREME-NORD
2721;ES1310;TAPARE;BATOURI;KADEY;EST
2722;NW3706;TATUM;NKUM;BUI;NORTH-WEST
2723;EN1113;TCHABAWOL;BOGO;DIAMARE;EXTREME-NORD
2724;EN4104;TCHANAWA;MOGODE;MAYO-TSANAGA;EXTREME-NORD
2725;EN5003;TCHATIBALI SECONDAIRE;TCHATIBALI;MAYO-DANAY;EXTREME-NORD
2726;CE1605;TCHEKANE;BAFIA;MBAM ET INOUBOU;CENTRE
2727;CE2117;TCHEKOS;BOKITO;MBAM ET INOUBOU;CENTRE
2728;EN3911;TCHERE;MERI;DIAMARE;EXTREME-NORD
2729;EN1206;TCHEVI;BOURHA;MAYO-TSANAGA;EXTREME-NORD
2730;OU1311;TCHITCHAP;BAFOUSSAM II;MIFI;OUEST
2731;OU3406;TCHOUAWA;FONGO TONGO;MENOUA;OUEST
2732;OU1412;TCHOUONG;BAFOUSSAM III;MIFI;OUEST
2733;OU1409;TCHOUOTSIT DOUMBI;BAFOUSSAM III;MIFI;OUEST
2734;EN4216;TCHOUVOUK;MOKOLO;MAYO-TSANAGA;EXTREME-NORD
2735;EN2404;TCKIKA;HILE ALIFA;DIAMARE;EXTREME-NORD
2736;CE4413;TEATE;MBANGASSINA;MBAM ET KIM;CENTRE
2737;AD1710;TEKEL;MARTAP;VINA;ADAMAOUA
2738;EN3407;TEKELE;MAGA;MAYO-DANAY;EXTREME-NORD
2739;AD1211;TELLO;BELEL;VINA;ADAMAOUA
2740;CE1333;TENG;AKONOLINGA;NYONG ET MFOUMOU;CENTRE
2741;LT1714;TERGAL;DOUALA III;WOURI;LITTORAL
2742;OU2014;TESSE;BANGOU;KOUNG KHI;OUEST
2743;NW1103;TEZE;NGIE;MOMO;NORTH-WEST
2744;EN5502;THEKE;YAGOUA;MAYO-DANAY;EXTREME-NORD
2745;OU3410;THIE;FONGO TONGO;MENOUA;OUEST
2746;CE5615;TIGA;NGOMEDZAP;NYONG ET SO'O;CENTRE
2747;SW3601;TIKO COUNCIL;TIKO;FAKO;SUD-OUEST
2748;ES3512;TIKONDI;NGOURA;LOM ET DJEREM;EST
2749;ES2504;TIMANGOLO;KETTE;KADEY;EST
2750;NW1104;TINECHONG;NGIE;MOMO;NORTH-WEST
2751;SW3701;TINTO COUNCIL;UPPER BANYANG;MANYU;SUD-OUEST
2752;EN4504;TITING;MOUTOURWA;MAYO-KANI;EXTREME-NORD
2753;CE2118;TOBAGNE;BOKITO;MBAM ET INOUBOU;CENTRE
2754;ES3904;TOCKTOYO;MBOTORO-OULI;KADEY;EST
2755;OU1408;TOKET;BAFOUSSAM III;MIFI;OUEST
2756;SW3801;TOKO COUNCIL;TOKO;NDIAN;SUD-OUEST
2757;SW3306;TOKO CUSTOMARY COURT;KOMBO-ITINDI;NDIAN;SUD-OUEST
2758;CEAL44;TOMBA;AKONOLINGA;NYONG ET MFOUMOU;CENTRE
2759;SW3909;TOMBEL C.D.C;TOMBEL;KUPE / MUANENGUBA;SUD-OUEST
2760;SW3901;TOMBEL COUNCIL;TOMBEL;KUPE / MUANENGUBA;SUD-OUEST
2761;CE4819;TOMEL;MESSONDO;NYONG ET KELLE;CENTRE
2762;LT2608;TOMEL;MASSOCK;SANAGA-MARITIME;LITTORAL
2763;LT3104;TONDE;YABASSI;NKAM;LITTORAL
2764;AD2909;TONGO;TIBATI;DJEREM;ADAMAOUA
2765;LT3106;TONGO;NDOBIAN;NKAM;LITTORAL
2766;ES3505;TONGO GANDIMA;NGOURA;LOM ET DJEREM;EST
2767;OU4620;TOPIA;NKONG-NI;MENOUA;OUEST
2768;LT3234;TOUE;NYANON;SANAGA-MARITIME;LITTORAL
2769;OU3310;TOUFFAM;FOKOUE;MENOUA;OUEST
2770;OU1312;TOUGANG II;BAFOUSSAM II;MIFI;OUEST
2771;OU1316;TOUGANG VILLE A;BAFOUSSAM II;MIFI;OUEST
2772;ENALF10;TOUKOU;YAGOUA;MAYO-DANAY;EXTREME-NORD
2773;AD1109;TOUKOUROUA;BANYO;MAYO-BANYO;ADAMAOUA
2774;ENAL65;TOULOUM SECONDAIRE;TOULOUM;MAYO-KANI;EXTREME-NORD
2775;CEAL42;TOUMNGOG;MAKAK;NYONG ET KELLE;CENTRE
2776;AD1212;TOURNIGAL;BELEL;VINA;ADAMAOUA
2777;EN4217;TOUROU;MOKOLO;MAYO-TSANAGA;EXTREME-NORD
2778;OU4419;TOUSSO BAMEKOMBO;MBOUDA;BAMBOUTOS;OUEST
2779;LT1610;TRACTAFRIC;DOUALA II;WOURI;LITTORAL
2780;OU4623;TSINBEU;NKONG-NI;MENOUA;OUEST
2781;CEAL20;TSINGA EYO;NKOLAFAMBA;MEFOU ET AFAMBA;CENTRE
2782;CEAL33;TSINGA VILLAGE;YAOUNDE I;MFOUNDI;CENTRE
2783;OUAL10;TSOBING;NKONG-NI;MENOUA;OUEST
2784;NW4001;TUBAH COUNCIL;TUBAH;MEZAM;NORTH-WEST
2785;OU1313;TYO - VILLAGE;BAFOUSSAM II;MIFI;OUEST
2786;NW2606;VEKOVI;JAKIRI;BUI;NORTH-WEST
2787;CE5009;VELA;MINTA;HAUTE SANAGA;CENTRE
2788;EN5402;VIRI;WINA;MAYO-DANAY;EXTREME-NORD
2789;CE6724;VOA II;OKOLA;LEKIE;CENTRE
2790;AD1807;VOGTI;MAYO-BALEO;FARO ET DEO;ADAMAOUA
2791;CE4412;VOUNDOU;MBANGASSINA;MBAM ET KIM;CENTRE
2792;SW4001;WABANE COUNCIL;WABANE;LEBIALEM;SUD-OUEST
2793;AD2004;WACK I;MBE;VINA;ADAMAOUA
2794;EN2405;WADACK;HILE ALIFA;DIAMARE;EXTREME-NORD
2795;AD2503;WAKWA;NGAOUNDERE I;VINA;ADAMAOUA
2796;CE5010;WALL;MINTA;HAUTE SANAGA;CENTRE
2797;EN4220;WANDAI;MOKOLO;MAYO-TSANAGA;EXTREME-NORD
2798;EN4318;WARBA;MORA;MAYO-SAVA;EXTREME-NORD
2799;NW2607;WASI;JAKIRI;BUI;NORTH-WEST
2800;AD2708;WASSANDE;NYAMBAKA;VINA;ADAMAOUA
2801;NW3506;WAT;NKAMBE;DONGA-MANTUNG;NORTH-WEST
2802;EN5004;WERFEO;TCHATIBALI;MAYO-DANAY;EXTREME-NORD
2803;EN2908;WIBIWA;TCHATIBALI;MAYO-DANAY;EXTREME-NORD
2804;NW4101;WIDIKUM COUNCIL;WIDIKUM-MENKA;MOMO;NORTH-WEST
2805;SW1206;WOANI CENTRE;BAMUSSO;NDIAN;SUD-OUEST
2806;AD1504;WOGOMDOU;GALIM TIGNERE;FARO ET DEO;ADAMAOUA
2807;AD3006;WOULDE;TIGNERE;FARO ET DEO;ADAMAOUA
2808;EN3537;WOULKY;MAKARY;DIAMARE;EXTREME-NORD
2809;ES3506;WOUMBOU;NGOURA;LOM ET DJEREM;EST
2810;LT4209;WOURI-BWELE;YABASSI;NKAM;LITTORAL
2811;AD1908;WOURO YOUBI;MAYO-DARLE;MAYO-BANYO;ADAMAOUA
2812;AD2709;WOURO-SOUA;NGAOUNDERE III;VINA;ADAMAOUA
2813;ES1412;WOUTCHABA;BELABO;LOM ET DJEREM;EST
2814;NW3207;WOWO;NDU;DONGA-MANTUNG;NORTH-WEST
2815;NW2101;WUM COUNCIL;WUM;MENCUM;NORTH-WEST
2816;NW2608;WVEN;JAKIRI;BUI;NORTH-WEST
2817;LT2208;YABI-MAPAN;EDEA I;SANAGA-MARITIME;LITTORAL
2818;ESAL48;YADIA;BERTOUA IIE;LOM ET DJEREM;EST
2819;ENALF11;YAGOUA-VELE;YAGOUA;MAYO-DANAY;EXTREME-NORD
2820;OU3407;YAGUEM;FONGO TONGO;MENOUA;OUEST
2821;CE5407;YAH;NGAMBE TIKAR;MBAM ET KIM;CENTRE
2822;CE3407;YAKAN;KIIKI;MBAM ET INOUBOU;CENTRE
2823;EN4006;YAKANG;MINDIF;MAYO-KANI;EXTREME-NORD
2824;AD1405;YAMBA;DJOHONG;MBERE;ADAMAOUA
2825;CE2113;YAMBASSA;BOKITO;MBAM ET INOUBOU;CENTRE
2826;CE3605;YAMBETTA;KON-YAMBETTA;MBAM ET INOUBOU;CENTRE
2827;NW3408;YANG;NJINIKUM;BOYO;NORTH-WEST
2828;CE5705;YANGBA;NGORO;MBAM ET KIM;CENTRE
2829;CE2114;YANGBEN;BOKITO;MBAM ET INOUBOU;CENTRE
2830;CE7401;YAOUNDE III;YAOUNDE III;MFOUNDI;CENTRE
2831;CE7501;YAOUNDE IV;YAOUNDE IV;MFOUNDI;CENTRE
2832;CE7601;YAOUNDE V;YAOUNDE V;MFOUNDI;CENTRE
2833;CE7701;YAOUNDE VI;YAOUNDE VI;MFOUNDI;CENTRE
2834;AD1404;YARMBANG;DJOHONG;MBERE;ADAMAOUA
2835;CE5706;YASSEM;NGORO;MBAM ET KIM;CENTRE
2836;LT1311;YASSEN;DIBOMBARI;MOUNGO;LITTORAL
2837;CE1511;YEBE;AYOS;NYONG ET MFOUMOU;CENTRE
2838;CE4409;YEBEKOLO;MBANGASSINA;MBAM ET KIM;CENTRE
2839;CE6725;YEGUE-ASSI;OKOLA;LEKIE;CENTRE
2840;CE1334;YEMEYEME;AKONOLINGA;NYONG ET MFOUMOU;CENTRE
2841;CE6630;YEMKOUT;OBALA;LEKIE;CENTRE
2842;CE6631;YEMSSOA1;OBALA;LEKIE;CENTRE
2843;CE3508;YENASSA;NYAKOKOMBO;NYONG ET MFOUMOU;CENTRE
2844;ES3303;YENGA;MOULOUNDO;BOUMBA ET NGOKO;EST
2845;LT4306;YINGUI;YINGUI;NKAM;LITTORAL
2846;ENALF9;YIRDEN;YAGOUA;MAYO-DANAY;EXTREME-NORD
2847;ES3411;YOLA;NDELELE;KADEY;EST
2848;EN1806;YOLA MALIKI;GAZAWA;DIAMARE;EXTREME-NORD
2849;EN1404;YOLDEO;DARGALA;DIAMARE;EXTREME-NORD
2850;OU2015;YOM;BANGOU;KOUNG KHI;OUEST
2851;LT3222;YOP-YOP;NDOM;SANAGA-MARITIME;LITTORAL
2852;CE2115;YORRO;BOKITO;MBAM ET INOUBOU;CENTRE
2853;LT3221;YOUMNGOUE;NDOM;SANAGA-MARITIME;LITTORAL
2854;LI1607;YOUPWE;DOUALA II;WOURI;LITTORAL
2855;ENAL64;ZAKALANG;KAELE;MAYO-KANI;EXTREME-NORD
2856;CE4923;ZALOM;MFOU;MEFOU ET AFAMBA;CENTRE
2857;CE1335;ZALOM;AKONOLINGA;NYONG ET MFOUMOU;CENTRE
2858;CE4215;ZALOM;NKOLMETET;NYONG ET SO'O;CENTRE
2859;EN4218;ZAMAI;MOKOLO;MAYO-TSANAGA;EXTREME-NORD
2860;EN4613;ZELEVET;MAYO MOSKOTA;MAYO-TSANAGA;EXTREME-NORD
2861;ESAL49;ZEMBE BORONGO;BETARE-OYA;LOM ET DJEREM;EST
2862;OU2715;ZEMTSUET;BATCHAM;BAMBOUTOS;OUEST
2863;CE5212;ZENGOAGA;NANGA-EBOGO;HAUTE SANAGA;CENTRE
2864;NW4301;ZHOA COUNCIL;FONGUM;MENCUM;NORTH-WEST
2865;EN1309;ZIDIM;DARAK;DIAMARE;EXTREME-NORD
2866;EN5302;ZIGAGUE;WAZA;DIAMARE;EXTREME-NORD
2867;EN3213;ZILER;KOZA;MAYO-TSANAGA;EXTREME-NORD
2868;CE6632;ZIMA;OBALA;LEKIE;CENTRE
2869;EN1114;ZINABALANG;BOGO;DIAMARE;EXTREME-NORD
2870;CE3708;ZOA;LEMBE-YEZOUM;HAUTE SANAGA;CENTRE
2871;ES3103;ZOADIBA;MESSOK;HAUT-NYONG;EST
2872;CE4521;ZOASSEL II;MBANKOMO;MEFOU ET AKONO;CENTRE
2873;CEAL29;ZOATOUPSI;MBANKOMO;MEFOU ET AKONO;CENTRE
2874;CE6109;ZOK I;NKOLAFAMBA;MEFOU ET AFAMBA;CENTRE
2875;CE3013;ZOMO;ENDOM;NYONG ET MFOUMOU;CENTRE
2876;LT1715;ZONE NYLON;DOUALA III;WOURI;LITTORAL
2877;EN4705;ZONGOYA;NDOUKOULA;DIAMARE;EXTREME-NORD
2878;CE6633;ZOUATOUBSI;OBALA;LEKIE;CENTRE
2879;EN1503;ZOUAYE;DATCHEKA;MAYO-DANAY;EXTREME-NORD
2880;ES2604;ZOULABOT I;LOMIE;HAUT-NYONG;EST
2881;ES4215;ZOULABOT NOUVEAU;YOKADOUMA;BOUMBA ET NGOKO;EST
2882;CE3014;ZOULOU;ENDOM;NYONG ET MFOUMOU;CENTRE
2883;ES2902;ZOUME;MBOMA;HAUT-NYONG;EST
2884;EN2507;ZOUVOUL;HINA;MAYO-TSANAGA;EXTREME-NORD
2885;OU3215; ;DSCHANG;MENOUA;OUEST
2886;LTALF3; ;NKONGSAMBA III;MOUNGO;LITTORAL
2887;SU1904; ;EBOLOWA II EME;MVILA;SUD
2888;ES1101; ;ANGOSSAS;HAUT-NYONG;EST
2889;ES1102; ;ANGOSSAS;HAUT-NYONG;EST
2890;ES1905; ;DIMAKO;HAUT-NYONG;EST
2891;ES1602; ;BERTOUA IIE;LOM ET DJEREM;EST
2892;ES1603; ;BERTOUA IIE;LOM ET DJEREM;EST
2893;ES1701; ;BETARE-OYA;LOM ET DJEREM;EST
2894;ES1704; ;BETARE-OYA;LOM ET DJEREM;EST
2895;ES1705; ;BETARE-OYA;LOM ET DJEREM;EST
2896;ES1706; ;BETARE-OYA;LOM ET DJEREM;EST
2897;ES1707; ;BETARE-OYA;LOM ET DJEREM;EST
2898;ES1708; ;BETARE-OYA;LOM ET DJEREM;EST
2899;ES1702; ;BETARE-OYA;LOM ET DJEREM;EST
2900;ES2701; ;MANDJOU;LOM ET DJEREM;EST
2901;ES2702; ;MANDJOU;LOM ET DJEREM;EST
2902;ES2703; ;MANDJOU;LOM ET DJEREM;EST
2903;ESALF9; ;MANDJOU;LOM ET DJEREM;EST
2904;ES2704; ;MANDJOU;LOM ET DJEREM;EST
2905;ESALF0; ;MANDJOU;LOM ET DJEREM;EST
2906;EN1104; ;BOGO;DIAMARE;EXTREME-NORD
2907;EN3801; ;MAROUA III;DIAMARE;EXTREME-NORD
2908;EN3901; ;MERI;DIAMARE;EXTREME-NORD
2909;EN1306; ;DARAK;DIAMARE;EXTREME-NORD
2910;EN3521; ;MAKARY;DIAMARE;EXTREME-NORD
2911;EN3534; ;MAKARY;DIAMARE;EXTREME-NORD
2912;EN3535; ;MAKARY;DIAMARE;EXTREME-NORD
2913;EN3536; ;MAKARY;DIAMARE;EXTREME-NORD
2914;OU1501; ;BAHAM;HAUTS PLATEAUX;OUEST
2915;OU1502; ;BAHAM;HAUTS PLATEAUX;OUEST
2916;OU1504; ;BAHAM;HAUTS PLATEAUX;OUEST
2917;OU1505; ;BAHAM;HAUTS PLATEAUX;OUEST
2918;OU1506; ;BAHAM;HAUTS PLATEAUX;OUEST
2919;OU1508; ;BAHAM;HAUTS PLATEAUX;OUEST
2920;OUAL20; ;BAHAM;HAUTS PLATEAUX;OUEST
2921;OU1509; ;BAHAM;HAUTS PLATEAUX;OUEST
2922;OU1510; ;BAHAM;HAUTS PLATEAUX;OUEST
2923;OU1512; ;BAHAM;HAUTS PLATEAUX;OUEST
2924;OU1513; ;BAHAM;HAUTS PLATEAUX;OUEST
2925;OU1717; ;BAMENDJOU;HAUTS PLATEAUX;OUEST
2926;OU1704; ;BAMENDJOU;HAUTS PLATEAUX;OUEST
2927;OU1705; ;BAMENDJOU;HAUTS PLATEAUX;OUEST
2928;OUAL21; ;BAMENDJOU;HAUTS PLATEAUX;OUEST
2929;OU1707; ;BAMENDJOU;HAUTS PLATEAUX;OUEST
2930;OU1708; ;BAMENDJOU;HAUTS PLATEAUX;OUEST
2931;OU1709; ;BAMENDJOU;HAUTS PLATEAUX;OUEST
2932;OU1710; ;BAMENDJOU;HAUTS PLATEAUX;OUEST
2933;OU1711; ;BAMENDJOU;HAUTS PLATEAUX;OUEST
2934;OU1712; ;BAMENDJOU;HAUTS PLATEAUX;OUEST
2935;OUAL22; ;BAMENDJOU;HAUTS PLATEAUX;OUEST
2936;OU1713; ;BAMENDJOU;HAUTS PLATEAUX;OUEST
2937;OU1714; ;BAMENDJOU;HAUTS PLATEAUX;OUEST
2938;OU1715; ;BAMENDJOU;HAUTS PLATEAUX;OUEST
2939;OU1716; ;BAMENDJOU;HAUTS PLATEAUX;OUEST
2940;OU2201; ;BANGOU;HAUTS PLATEAUX;OUEST
2941;OU2202; ;BANGOU;HAUTS PLATEAUX;OUEST
2942;OUAL23; ;BANGOU;HAUTS PLATEAUX;OUEST
2943;OU2203; ;BANGOU;HAUTS PLATEAUX;OUEST
2944;OU2204; ;BANGOU;HAUTS PLATEAUX;OUEST
2945;OU2205; ;BANGOU;HAUTS PLATEAUX;OUEST
2946;OU2206; ;BANGOU;HAUTS PLATEAUX;OUEST
2947;OU2207; ;BANGOU;HAUTS PLATEAUX;OUEST
2948;OU2801; ;BANGOU;HAUTS PLATEAUX;OUEST
2949;OU2802; ;BANGOU;HAUTS PLATEAUX;OUEST
2950;OU2803; ;BANGOU;HAUTS PLATEAUX;OUEST
2951;OU2806; ;BANGOU;HAUTS PLATEAUX;OUEST
2952;OU2804; ;BANGOU;HAUTS PLATEAUX;OUEST
2953;OU2805; ;BANGOU;HAUTS PLATEAUX;OUEST
2954;OU2806; ;BANGOU;HAUTS PLATEAUX;OUEST
2955;OU2002; ;BANGOU;KOUNG KHI;OUEST
2956;OU4602; ;NKONG-NI;MENOUA;OUEST
2957;OU4607; ;NKONG-NI;MENOUA;OUEST
2958;OU4610; ;NKONG-NI;MENOUA;OUEST
2959;OU4613; ;NKONG-NI;MENOUA;OUEST
2960;OU4614; ;NKONG-NI;MENOUA;OUEST
2961;OU4616; ;NKONG-NI;MENOUA;OUEST
2962;OU1204; ;BAFOUSSAM I;MIFI;OUEST
2963;OU1209; ;BAFOUSSAM I;MIFI;OUEST
2964;OU1305; ;BAFOUSSAM II;MIFI;OUEST
2965;OU1306; ;BAFOUSSAM II;MIFI;OUEST
2966;OU1310; ;BAFOUSSAM II;MIFI;OUEST
2967;OU4504; ;NJIMOM;NOUN;OUEST
2968;OU4502; ;NJIMOM;NOUN;OUEST
2969;Z0000;AMBACAM;AMBACAM;AMBACAM;AMBACAM
